candidate_rank,drug,genes_targeted,n_hub_genes,avg_hub_score,top_hub_gene_rank,approved,interaction_types,sources,repurposing_score
1,METFORMIN,KCNJ11; PPARG; TCF7L2,3,0.6665,1,True,unknown,PharmGKB,3.7827
2,GLIMEPIRIDE,TNF; KCNJ11; IRS1,3,0.6085,4,True,unknown; blocker,NCI; TdgClinicalTrial; TEND; ChEMBL; NCI,3.5796
3,CYCLOPHOSPHAMIDE ANHYDROUS,INSR; FOXO1; IRS1,3,0.5957,5,True,unknown,PharmGKB,3.5349
4,EPIRUBICIN,INSR; FOXO1; IRS1,3,0.5957,5,True,unknown,PharmGKB,3.5349
5,FLUOROURACIL,INSR; FOXO1; IRS1,3,0.5957,5,True,unknown,PharmGKB,3.5349
6,CYCLOSPORINE,TNF; LEP; TCF7L2,3,0.5937,4,True,unknown,PharmGKB,3.528
7,"INSULIN, REGULAR, HUMAN",TNF; INSR; IL6,3,0.5927,4,True,unknown; agonist,NCI; ChEMBL; TdgClinicalTrial; TEND,3.5244
8,SPIRONOLACTONE,TNF; PPARG,2,0.7596,1,True,unknown,NCI; DTC,3.7086
9,PSAMMAPLIN A,SIRT1; PPARG,2,0.7631,1,False,unknown,DTC,3.4708
10,OLANZAPINE,GLP1R; PPARG,2,0.6864,1,True,unknown,PharmGKB,3.4524
11,GLYBURIDE,KCNJ11; PPARG,2,0.6792,1,True,blocker; unknown,ChEMBL; TdgClinicalTrial; TEND; DTC,3.4273
12,ESTRADIOL VALERATE,LEP; PPARG,2,0.6625,1,True,unknown,NCI; DTC,3.3687
13,TROGLITAZONE,LEP; PPARG,2,0.6625,1,True,unknown; agonist,NCI; DTC; ChEMBL,3.3687
14,INSULIN DEGLUDEC,INSR; INS,2,0.6527,2,True,agonist; unknown,ChEMBL; TTD,3.3345
15,INSULIN SUSP ISOPHANE RECOMBINANT HUMAN,INSR; INS,2,0.6527,2,True,agonist; unknown,ChEMBL; TTD,3.3345
16,INSULIN SUSP PROTAMINE ZINC BEEF/PORK,INSR; INS,2,0.6527,2,True,agonist; unknown,ChEMBL; TTD,3.3345
17,INSULIN ZINC SUSP RECOMBINANT HUMAN,INSR; INS,2,0.6527,2,True,agonist; unknown,ChEMBL; TTD,3.3345
18,MITOGLITAZONE,INSR; PPARG,2,0.6956,1,False,unknown,TTD; TdgClinicalTrial,3.2346
19,ADALIMUMAB,TNF; IL6,2,0.6194,4,True,inhibitor; unknown,ChEMBL; TTD; TdgClinicalTrial; TEND; PharmGKB,3.2181
20,ETANERCEPT,TNF; IL6,2,0.6194,4,True,inhibitor; unknown,ChEMBL; TdgClinicalTrial; TTD; TEND; PharmGKB,3.2181
21,INFLIXIMAB,TNF; IL6,2,0.6194,4,True,inhibitor; unknown,TTD; ChEMBL; TdgClinicalTrial; TEND; PharmGKB,3.2181
22,MIDOSTAURIN,TNF; IL6,2,0.6194,4,True,unknown,NCI,3.2181
23,CARBOPLATIN,TNF; CDKN2A,2,0.6184,4,True,unknown,PharmGKB; CKB-CORE,3.2145
24,GEMCITABINE,TNF; CDKN2A,2,0.6184,4,True,unknown,PharmGKB; CKB-CORE,3.2145
25,AMORFRUTIN A,GLP1R; PPARG,2,0.6864,1,False,unknown,DTC,3.2024
26,KEPONE,GLP1R; PPARG,2,0.6864,1,False,unknown,DTC,3.2024
27,SIROLIMUS,CDKN2A; TCF7L2,2,0.6054,6,True,unknown,CKB-CORE; PharmGKB,3.1688
28,LAPACHONE,TNF; SIRT1,2,0.6707,3,False,unknown,NCI; TTD,3.1473
29,INSULIN PEGLISPRO,INSR; INS,2,0.6527,2,False,agonist; unknown,ChEMBL; TTD,3.0845
30,REPAGLINIDE,KCNJ11; TCF7L2,2,0.5737,6,True,blocker; unknown,PharmGKB; ChEMBL; TEND; PharmGKB,3.0581
31,FOLIC ACID,TNF; LEP,2,0.5701,4,True,unknown,NCI,3.0452
32,METHIMAZOLE,TNF; LEP,2,0.5701,4,True,unknown,NCI,3.0452
33,PROPYLTHIOURACIL,TNF; LEP,2,0.5701,4,True,unknown,NCI,3.0452
34,RISPERIDONE,TNF; LEP,2,0.5701,4,True,unknown,NCI,3.0452
35,PF-04236921,TNF; IL6,2,0.6194,4,False,unknown; inhibitor,TdgClinicalTrial; TTD; ChEMBL,2.9681
36,DULOXETINE HYDROCHLORIDE,GLP1R; IL6,2,0.5463,9,True,unknown,DTC; PharmGKB,2.9619
37,HOMIDIUM BROMIDE,TNF; GLP1R,2,0.594,4,False,unknown,DTC,2.879
38,GEMFIBROZIL,IL6; LEP,2,0.5223,9,True,unknown,NCI,2.8782
39,CLOZAPINE,GLP1R; LEP,2,0.4969,12,True,unknown,PharmGKB; NCI,2.7891
40,ANHYDROUS TACROLIMUS,LEP; KCNJ11,2,0.4897,14,True,unknown,PharmGKB,2.7639
41,ILORASERTIB,CDKN2A; INSR,2,0.5544,10,False,unknown,CGI; DTC,2.7405
42,APIGENIN,PPARG,1,0.852,1,True,unknown,DTC,3.632
43,ASPIRIN,PPARG,1,0.852,1,True,unknown,PharmGKB,3.632
44,BALSALAZIDE,PPARG,1,0.852,1,True,unknown,TdgClinicalTrial,3.632
45,BALSALAZIDE DISODIUM,PPARG,1,0.852,1,True,agonist,ChEMBL,3.632
46,BENZBROMARONE,PPARG,1,0.852,1,True,unknown,DTC,3.632
47,BEZAFIBRATE,PPARG,1,0.852,1,True,agonist,ChEMBL,3.632
48,CELECOXIB,PPARG,1,0.852,1,True,unknown,PharmGKB,3.632
49,DICLOFENAC SODIUM,PPARG,1,0.852,1,True,unknown,PharmGKB,3.632
50,FENOFIBRIC ACID,PPARG,1,0.852,1,True,unknown,DTC,3.632
51,GENTIAN VIOLET CATION,PPARG,1,0.852,1,True,unknown,DTC,3.632
52,HESPERETIN,PPARG,1,0.852,1,True,unknown,DTC,3.632
53,LEVOTHYROXINE,PPARG,1,0.852,1,True,unknown,DTC,3.632
54,MESALAMINE,PPARG,1,0.852,1,True,agonist,TdgClinicalTrial; ChEMBL,3.632
55,METHOTREXATE,PPARG,1,0.852,1,True,unknown,DTC,3.632
56,METHYLENE BLUE ANHYDROUS,PPARG,1,0.852,1,True,unknown,DTC,3.632
57,MYCOPHENOLATE,PPARG,1,0.852,1,True,unknown,DTC,3.632
58,OLSALAZINE SODIUM,PPARG,1,0.852,1,True,agonist,ChEMBL,3.632
59,PHENOLPHTHALEIN,PPARG,1,0.852,1,True,unknown,DTC,3.632
60,PIOGLITAZONE HYDROCHLORIDE,PPARG,1,0.852,1,True,agonist,DTC; ChEMBL; TEND; TdgClinicalTrial,3.632
61,PROPYLPARABEN,PPARG,1,0.852,1,True,unknown,DTC,3.632
62,RALOXIFENE HYDROCHLORIDE,PPARG,1,0.852,1,True,unknown,DTC,3.632
63,ROSIGLITAZONE,PPARG,1,0.852,1,True,unknown,DTC; TEND; TdgClinicalTrial,3.632
64,ROSIGLITAZONE MALEATE,PPARG,1,0.852,1,True,agonist,ChEMBL,3.632
65,SULFASALAZINE,PPARG,1,0.852,1,True,unknown,TdgClinicalTrial,3.632
66,TREPROSTINIL,PPARG,1,0.852,1,True,unknown,TEND; TdgClinicalTrial,3.632
67,2-PHENYLPHENOL,PPARG,1,0.852,1,False,unknown,DTC,3.382
68,"9,10-PHENANTHRENEQUINONE",PPARG,1,0.852,1,False,unknown,DTC,3.382
69,ABIETIC ACID,PPARG,1,0.852,1,False,unknown,DTC,3.382
70,ALDICARB,PPARG,1,0.852,1,False,unknown,DTC,3.382
71,ALEGLITAZAR,PPARG,1,0.852,1,False,agonist,TdgClinicalTrial; ChEMBL,3.382
72,AMG-131,PPARG,1,0.852,1,False,unknown,TdgClinicalTrial,3.382
73,ARHALOFENATE,PPARG,1,0.852,1,False,modulator,ChEMBL,3.382
74,ATX08-001,PPARG,1,0.852,1,False,modulator,ChEMBL,3.382
75,AVE0847,PPARG,1,0.852,1,False,agonist,ChEMBL,3.382
76,BALAGLITAZONE,PPARG,1,0.852,1,False,agonist,ChEMBL,3.382
77,BARDOXOLONE METHYL,PPARG,1,0.852,1,False,inhibitor,ChEMBL,3.382
78,BENSULIDE,PPARG,1,0.852,1,False,unknown,DTC,3.382
79,CHEMBL:CHEMBL166112,PPARG,1,0.852,1,False,unknown,DTC,3.382
80,CHEMBL:CHEMBL1833984,PPARG,1,0.852,1,False,unknown,DTC,3.382
81,CHEMBL:CHEMBL1834951,PPARG,1,0.852,1,False,unknown,DTC,3.382
82,CHEMBL:CHEMBL184450,PPARG,1,0.852,1,False,unknown,DTC,3.382
83,CHEMBL:CHEMBL202243,PPARG,1,0.852,1,False,unknown,DTC,3.382
84,CHEMBL:CHEMBL2057864,PPARG,1,0.852,1,False,unknown,DTC,3.382
85,CHEMBL:CHEMBL2178583,PPARG,1,0.852,1,False,unknown,DTC,3.382
86,CHEMBL:CHEMBL2178586,PPARG,1,0.852,1,False,unknown,DTC,3.382
87,CHEMBL:CHEMBL2178596,PPARG,1,0.852,1,False,unknown,DTC,3.382
88,CHEMBL:CHEMBL2208195,PPARG,1,0.852,1,False,unknown,DTC,3.382
89,CHEMBL:CHEMBL2208196,PPARG,1,0.852,1,False,unknown,DTC,3.382
90,CHEMBL:CHEMBL2208197,PPARG,1,0.852,1,False,unknown,DTC,3.382
91,CHEMBL:CHEMBL312032,PPARG,1,0.852,1,False,unknown,DTC,3.382
92,CHEMBL:CHEMBL599165,PPARG,1,0.852,1,False,unknown,DTC,3.382
93,CHIGLITAZAR,PPARG,1,0.852,1,False,agonist,ChEMBL,3.382
94,CHLORFENAPYR,PPARG,1,0.852,1,False,unknown,DTC,3.382
95,CIGLITAZONE,PPARG,1,0.852,1,False,unknown,DTC,3.382
96,CLX-0921,PPARG,1,0.852,1,False,agonist,TdgClinicalTrial; ChEMBL,3.382
97,DB959,PPARG,1,0.852,1,False,agonist,ChEMBL,3.382
98,DICHLOROPHEN,PPARG,1,0.852,1,False,unknown,DTC,3.382
99,DIMETHENAMID,PPARG,1,0.852,1,False,unknown,DTC,3.382
100,E319,PPARG,1,0.852,1,False,unknown,DTC,3.382
101,ECHINATIN,PPARG,1,0.852,1,False,unknown,DTC,3.382
102,EFATUTAZONE,PPARG,1,0.852,1,False,agonist,TALC,3.382
103,EFATUTAZONE DIHYDROCHLORIDE,PPARG,1,0.852,1,False,unknown,TdgClinicalTrial,3.382
104,EFATUTAZONE HYDROCHLORIDE,PPARG,1,0.852,1,False,agonist,ChEMBL,3.382
105,ELATOSIDE D,PPARG,1,0.852,1,False,unknown,DTC,3.382
106,ENOXOLONE,PPARG,1,0.852,1,False,unknown,DTC,3.382
107,ETALOCIB,PPARG,1,0.852,1,False,agonist,ChEMBL,3.382
108,FARGLITAZAR,PPARG,1,0.852,1,False,agonist,ChEMBL,3.382
109,FLUDIOXONIL,PPARG,1,0.852,1,False,unknown,DTC,3.382
110,FLUORODIFEN,PPARG,1,0.852,1,False,unknown,DTC,3.382
111,FLUOXASTROBIN,PPARG,1,0.852,1,False,unknown,DTC,3.382
112,GANCAONIN L,PPARG,1,0.852,1,False,unknown,DTC,3.382
113,GLABROL,PPARG,1,0.852,1,False,unknown,DTC,3.382
114,GLABRONE,PPARG,1,0.852,1,False,unknown,DTC,3.382
115,GW1929,PPARG,1,0.852,1,False,unknown,DTC,3.382
116,GW501516,PPARG,1,0.852,1,False,unknown,TdgClinicalTrial; DTC,3.382
117,GW7647,PPARG,1,0.852,1,False,unknown,DTC,3.382
118,IMIGLITAZAR,PPARG,1,0.852,1,False,agonist,ChEMBL,3.382
119,INDEGLITAZAR,PPARG,1,0.852,1,False,agonist,ChEMBL,3.382
120,INT131,PPARG,1,0.852,1,False,modulator,ChEMBL,3.382
121,IPRODIONE,PPARG,1,0.852,1,False,unknown,DTC,3.382
122,ISOSILYBIN A,PPARG,1,0.852,1,False,unknown,DTC,3.382
123,JB991,PPARG,1,0.852,1,False,unknown,TdgClinicalTrial,3.382
124,KANZONOL W,PPARG,1,0.852,1,False,unknown,DTC,3.382
125,KANZONOL X,PPARG,1,0.852,1,False,unknown,DTC,3.382
126,LANIFIBRANOR,PPARG,1,0.852,1,False,agonist,ChEMBL,3.382
127,LERIGLITAZONE,PPARG,1,0.852,1,False,agonist,ChEMBL,3.382
128,LICOFLAVANONE A,PPARG,1,0.852,1,False,unknown,DTC,3.382
129,MBX-2044,PPARG,1,0.852,1,False,modulator,TdgClinicalTrial; ChEMBL,3.382
130,METAGLIDASEN,PPARG,1,0.852,1,False,unknown,TdgClinicalTrial,3.382
131,METHOXYCHLOR,PPARG,1,0.852,1,False,unknown,DTC,3.382
132,MK-0533,PPARG,1,0.852,1,False,modulator,ChEMBL,3.382
133,MK-0767,PPARG,1,0.852,1,False,agonist,ChEMBL,3.382
134,MURAGLITAZAR,PPARG,1,0.852,1,False,agonist,ChEMBL; TdgClinicalTrial,3.382
135,NALED,PPARG,1,0.852,1,False,unknown,DTC,3.382
136,NAVEGLITAZAR,PPARG,1,0.852,1,False,agonist,ChEMBL; TdgClinicalTrial,3.382
137,NETOGLITAZONE,PPARG,1,0.852,1,False,modulator,ChEMBL,3.382
138,OCHRATOXIN A,PPARG,1,0.852,1,False,unknown,DTC,3.382
139,OMS405,PPARG,1,0.852,1,False,agonist,ChEMBL,3.382
140,PATULIN,PPARG,1,0.852,1,False,unknown,DTC,3.382
141,PHENAMIPHOS,PPARG,1,0.852,1,False,unknown,DTC,3.382
142,PHENOTHIAZINE,PPARG,1,0.852,1,False,unknown,DTC,3.382
143,PROCHLORAZ,PPARG,1,0.852,1,False,unknown,DTC,3.382
144,PROPYLPYRAZOLETRIOL,PPARG,1,0.852,1,False,unknown,DTC,3.382
145,PROSTAGLANDIN D2,PPARG,1,0.852,1,False,unknown,DTC,3.382
146,RIVOGLITAZONE,PPARG,1,0.852,1,False,agonist,ChEMBL,3.382
147,ROTENONE,PPARG,1,0.852,1,False,unknown,DTC,3.382
148,SAROGLITAZAR,PPARG,1,0.852,1,False,agonist,ChEMBL,3.382
149,SEIMATOPOLIDE A,PPARG,1,0.852,1,False,unknown,DTC,3.382
150,SHINFLAVANONE,PPARG,1,0.852,1,False,unknown,DTC,3.382
151,SHINPTEROCARPIN,PPARG,1,0.852,1,False,unknown,DTC,3.382
152,SODELGLITAZAR,PPARG,1,0.852,1,False,agonist,ChEMBL,3.382
153,TECNAZENE,PPARG,1,0.852,1,False,unknown,DTC,3.382
154,TESAGLITAZAR,PPARG,1,0.852,1,False,agonist,ChEMBL,3.382
155,TETRADECYLTHIOACETIC ACID,PPARG,1,0.852,1,False,unknown,DTC,3.382
156,TRIFLOXYSTROBIN,PPARG,1,0.852,1,False,unknown,DTC,3.382
157,INULIN,INS,1,0.7662,2,True,unknown,TTD,3.3318
158,NIACINAMIDE,SIRT1,1,0.6742,3,True,unknown,DTC,3.0096
159,PANOBINOSTAT,SIRT1,1,0.6742,3,True,inhibitor,TALC,3.0096
160,RESVERATROL,SIRT1,1,0.6742,3,True,unknown,DTC,3.0096
161,ALTEPLASE,TNF,1,0.6672,4,True,unknown,NCI,2.9851
162,AMPHOTERICIN B LIPOSOMAL,TNF,1,0.6672,4,True,unknown,DTC,2.9851
163,ATORVASTATIN CALCIUM TRIHYDRATE,TNF,1,0.6672,4,True,unknown,PharmGKB,2.9851
164,BUPIVACAINE,TNF,1,0.6672,4,True,unknown,NCI,2.9851
165,CARBAMAZEPINE,TNF,1,0.6672,4,True,unknown,PharmGKB; NCI,2.9851
166,CEFOTAXIME SODIUM,TNF,1,0.6672,4,True,unknown,NCI,2.9851
167,CERTOLIZUMAB PEGOL,TNF,1,0.6672,4,True,inhibitor,TdgClinicalTrial; TTD; ChEMBL; TEND,2.9851
168,CROMOLYN SODIUM,TNF,1,0.6672,4,True,unknown,NCI,2.9851
169,DIDANOSINE,TNF,1,0.6672,4,True,unknown,NCI,2.9851
170,DIGOXIN,TNF,1,0.6672,4,True,unknown,DTC,2.9851
171,ETHAMBUTOL HYDROCHLORIDE,TNF,1,0.6672,4,True,unknown,PharmGKB,2.9851
172,FLUOCINOLONE ACETONIDE,TNF,1,0.6672,4,True,unknown,NCI,2.9851
173,GENTAMICIN,TNF,1,0.6672,4,True,unknown,NCI,2.9851
174,GOLIMUMAB,TNF,1,0.6672,4,True,inhibitor,TTD; TdgClinicalTrial; ChEMBL; TEND,2.9851
175,HYDROXYCHLOROQUINE,TNF,1,0.6672,4,True,unknown,NCI,2.9851
176,LACTULOSE,TNF,1,0.6672,4,True,unknown,NCI,2.9851
177,LENALIDOMIDE,TNF,1,0.6672,4,True,inhibitor,ClearityFoundationClinicalTrial; TTD,2.9851
178,MAGNESIUM SULFATE ANHYDROUS,TNF,1,0.6672,4,True,unknown,NCI,2.9851
179,MASOPROCOL,TNF,1,0.6672,4,True,unknown,NCI,2.9851
180,MEROPENEM ANHYDROUS,TNF,1,0.6672,4,True,unknown,NCI,2.9851
181,MIDAZOLAM HYDROCHLORIDE,TNF,1,0.6672,4,True,unknown,NCI,2.9851
182,MILTEFOSINE,TNF,1,0.6672,4,True,unknown,NCI,2.9851
183,MYCOPHENOLATE MOFETIL,TNF,1,0.6672,4,True,unknown,PharmGKB,2.9851
184,OMEPRAZOLE,TNF,1,0.6672,4,True,unknown,NCI,2.9851
185,PENTOXIFYLLINE,TNF,1,0.6672,4,True,unknown,TTD,2.9851
186,PRAZOSIN HYDROCHLORIDE,TNF,1,0.6672,4,True,unknown,NCI,2.9851
187,PROCARBAZINE HYDROCHLORIDE,TNF,1,0.6672,4,True,unknown,NCI,2.9851
188,PYRAZINAMIDE,TNF,1,0.6672,4,True,unknown,PharmGKB,2.9851
189,RABEPRAZOLE,TNF,1,0.6672,4,True,unknown,NCI,2.9851
190,RIFAMPIN,TNF,1,0.6672,4,True,unknown,PharmGKB,2.9851
191,RUTIN,TNF,1,0.6672,4,True,unknown,NCI,2.9851
192,SORAFENIB,TNF,1,0.6672,4,True,unknown,PharmGKB,2.9851
193,STAVUDINE,TNF,1,0.6672,4,True,unknown,PharmGKB,2.9851
194,THALIDOMIDE,TNF,1,0.6672,4,True,unknown,TEND; TTD; TdgClinicalTrial,2.9851
195,TIMOLOL MALEATE,TNF,1,0.6672,4,True,unknown,NCI,2.9851
196,VITAMIN B6,TNF,1,0.6672,4,True,unknown,NCI,2.9851
197,DEHYDRATED ALCOHOL,IRS1,1,0.6517,5,True,unknown,NCI,2.9311
198,INOSITOL,IRS1,1,0.6517,5,True,unknown,NCI,2.9311
199,PRASTERONE,IRS1,1,0.6517,5,True,unknown,NCI,2.9311
200,HYDROCHLOROTHIAZIDE,TCF7L2,1,0.641,6,True,unknown,PharmGKB,2.8936
201,ALITRETINOIN,GCK,1,0.6206,7,True,inhibitor,GuideToPharmacology,2.822
202,DICUMAROL,GCK,1,0.6206,7,True,inhibitor,GuideToPharmacology,2.822
203,PHENINDIONE,GCK,1,0.6206,7,True,inhibitor,GuideToPharmacology,2.822
204,PHENPROCOUMON,GCK,1,0.6206,7,True,inhibitor,GuideToPharmacology,2.822
205,WARFARIN,GCK,1,0.6206,7,True,inhibitor,GuideToPharmacology,2.822
206,ALTISSIMACOUMARIN C,SIRT1,1,0.6742,3,False,unknown,DTC,2.7596
207,ALTISSIMACOUMARIN D,SIRT1,1,0.6742,3,False,unknown,DTC,2.7596
208,ALTISSIMACOUMARIN E,SIRT1,1,0.6742,3,False,unknown,DTC,2.7596
209,ALTISSIMACOUMARIN F,SIRT1,1,0.6742,3,False,unknown,DTC,2.7596
210,CAMBINOL,SIRT1,1,0.6742,3,False,unknown,TTD,2.7596
211,CHEMBL:CHEMBL1436543,SIRT1,1,0.6742,3,False,unknown,DTC,2.7596
212,CHEMBL:CHEMBL1945130,SIRT1,1,0.6742,3,False,unknown,DTC,2.7596
213,CHEMBL:CHEMBL200762,SIRT1,1,0.6742,3,False,unknown,DTC,2.7596
214,CHEMBL:CHEMBL254156,SIRT1,1,0.6742,3,False,unknown,DTC,2.7596
215,CHEMBL:CHEMBL255683,SIRT1,1,0.6742,3,False,unknown,DTC,2.7596
216,CHEMBL:CHEMBL372375,SIRT1,1,0.6742,3,False,unknown,DTC,2.7596
217,CHEMBL:CHEMBL375563,SIRT1,1,0.6742,3,False,unknown,DTC,2.7596
218,CHEMBL:CHEMBL403308,SIRT1,1,0.6742,3,False,unknown,DTC,2.7596
219,EX-527,SIRT1,1,0.6742,3,False,inhibitor,ChEMBL,2.7596
220,GINSENOSIDE RG3,SIRT1,1,0.6742,3,False,unknown,DTC,2.7596
221,GINSENOSIDE RH1,SIRT1,1,0.6742,3,False,unknown,DTC,2.7596
222,GISENOSIDE RK1,SIRT1,1,0.6742,3,False,unknown,DTC,2.7596
223,SALERMIDE,SIRT1,1,0.6742,3,False,unknown,DTC,2.7596
224,SELISISTAT,SIRT1,1,0.6742,3,False,unknown,TdgClinicalTrial,2.7596
225,SIRTINOL,SIRT1,1,0.6742,3,False,unknown,DTC,2.7596
226,SRT-1720,SIRT1,1,0.6742,3,False,unknown,DTC,2.7596
227,SRT-2104,SIRT1,1,0.6742,3,False,activator,ChEMBL,2.7596
228,SRT2104,SIRT1,1,0.6742,3,False,unknown,TTD,2.7596
229,SURAMIN,SIRT1,1,0.6742,3,False,unknown,DTC,2.7596
230,"5,7-DIHYDROXY-4-METHYLCOUMARIN",TNF,1,0.6672,4,False,unknown,DTC,2.7351
231,ABBV-257,TNF,1,0.6672,4,False,unknown,TTD,2.7351
232,ABBV-3373,TNF,1,0.6672,4,False,binder,ChEMBL,2.7351
233,AFELIMOMAB,TNF,1,0.6672,4,False,inhibitor,ChEMBL,2.7351
234,AME-527,TNF,1,0.6672,4,False,unknown,TdgClinicalTrial,2.7351
235,AN0128,TNF,1,0.6672,4,False,unknown,TTD,2.7351
236,ANESTHETIC AGENT,TNF,1,0.6672,4,False,unknown,NCI,2.7351
237,AVX-470,TNF,1,0.6672,4,False,unknown,TTD; TdgClinicalTrial,2.7351
238,AZ9773,TNF,1,0.6672,4,False,inhibitor,ChEMBL,2.7351
239,BACILLUS CALMETTE-GUERIN ANTIGEN,TNF,1,0.6672,4,False,unknown,NCI,2.7351
240,BENZO[E]PYRENE,TNF,1,0.6672,4,False,unknown,DTC,2.7351
241,CELASTROL,TNF,1,0.6672,4,False,unknown,TTD,2.7351
242,CERTOLIZUMAB,TNF,1,0.6672,4,False,unknown,TTD,2.7351
243,COVA322,TNF,1,0.6672,4,False,unknown,TTD,2.7351
244,CYT007-TNFQB,TNF,1,0.6672,4,False,unknown,TdgClinicalTrial,2.7351
245,DERSALAZINE,TNF,1,0.6672,4,False,unknown,TdgClinicalTrial,2.7351
246,HALOFUGINONE,TNF,1,0.6672,4,False,unknown,NCI,2.7351
247,HUANG LIAN,TNF,1,0.6672,4,False,unknown,NCI,2.7351
248,IMMUNOSTIMULANT,TNF,1,0.6672,4,False,unknown,NCI,2.7351
249,ISIS 104838,TNF,1,0.6672,4,False,unknown,TdgClinicalTrial,2.7351
250,LENABASUM,TNF,1,0.6672,4,False,unknown,TTD,2.7351
251,LENERCEPT,TNF,1,0.6672,4,False,inhibitor,ChEMBL,2.7351
252,METHYLENE BLUE,TNF,1,0.6672,4,False,unknown,DTC,2.7351
253,MITOMYCIN C ANALOG KW-2149,TNF,1,0.6672,4,False,unknown,NCI,2.7351
254,NAFAMOSTAT,TNF,1,0.6672,4,False,unknown,TTD,2.7351
255,NERELIMOMAB,TNF,1,0.6672,4,False,inhibitor,ChEMBL,2.7351
256,ONERCEPT,TNF,1,0.6672,4,False,inhibitor,ChEMBL,2.7351
257,ORTATAXEL,TNF,1,0.6672,4,False,unknown,TTD,2.7351
258,OZORALIZUMAB,TNF,1,0.6672,4,False,inhibitor,ChEMBL; TdgClinicalTrial,2.7351
259,PEGSUNERCEPT,TNF,1,0.6672,4,False,inhibitor,ChEMBL; TTD,2.7351
260,PICIBANIL,TNF,1,0.6672,4,False,unknown,NCI,2.7351
261,PLACULUMAB,TNF,1,0.6672,4,False,inhibitor; unknown,ChEMBL; TTD; TdgClinicalTrial,2.7351
262,PNEUMOCOCCAL POLYVALENT VACCINE,TNF,1,0.6672,4,False,unknown,NCI,2.7351
263,PROTON PUMP INHIBITOR,TNF,1,0.6672,4,False,unknown,NCI,2.7351
264,REMTOLUMAB,TNF,1,0.6672,4,False,unknown; inhibitor,TTD; ChEMBL,2.7351
265,SOBLIDOTIN,TNF,1,0.6672,4,False,unknown,NCI,2.7351
266,TETRANDRINE,TNF,1,0.6672,4,False,unknown,NCI,2.7351
267,THERAPEUTIC HORMONE,TNF,1,0.6672,4,False,unknown,NCI,2.7351
268,AGANIRSEN,IRS1,1,0.6517,5,False,unknown,TdgClinicalTrial,2.6811
269,ARSENIC TRIOXIDE,IL6,1,0.5717,9,True,unknown,NCI,2.651
270,CISPLATIN,IL6,1,0.5717,9,True,unknown,CIViC,2.651
271,ECHINACEA PREPARATION,IL6,1,0.5717,9,True,unknown,NCI,2.651
272,FENOFIBRATE MICRONIZED,IL6,1,0.5717,9,True,unknown,PharmGKB,2.651
273,FENTANYL CITRATE,IL6,1,0.5717,9,True,unknown,NCI,2.651
274,GALLIUM NITRATE,IL6,1,0.5717,9,True,unknown,NCI,2.651
275,IBUDILAST,IL6,1,0.5717,9,True,unknown,TTD,2.651
276,IFOSFAMIDE,IL6,1,0.5717,9,True,unknown,NCI,2.651
277,INTERFERON ALFA-2B,IL6,1,0.5717,9,True,unknown,NCI,2.651
278,LEVOFLOXACIN ANHYDROUS,IL6,1,0.5717,9,True,unknown,NCI,2.651
279,LINEZOLID,IL6,1,0.5717,9,True,unknown,NCI,2.651
280,METRONIDAZOLE,IL6,1,0.5717,9,True,unknown,NCI,2.651
281,NELFINAVIR,IL6,1,0.5717,9,True,unknown,NCI,2.651
282,PEGINTERFERON ALFA-2A,IL6,1,0.5717,9,True,unknown,PharmGKB,2.651
283,PEGINTERFERON ALFA-2B,IL6,1,0.5717,9,True,unknown,PharmGKB,2.651
284,RIBAVIRIN,IL6,1,0.5717,9,True,unknown,PharmGKB,2.651
285,RITUXIMAB,IL6,1,0.5717,9,True,unknown,PharmGKB,2.651
286,SAQUINAVIR,IL6,1,0.5717,9,True,unknown,NCI,2.651
287,SELENIUM,IL6,1,0.5717,9,True,unknown,NCI,2.651
288,SILTUXIMAB,IL6,1,0.5717,9,True,inhibitor,ChEMBL; TTD,2.651
289,VITAMIN A PALMITATE,IL6,1,0.5717,9,True,unknown,NCI,2.651
290,VITAMIN K,IL6,1,0.5717,9,True,unknown,NCI,2.651
291,ABEMACICLIB,CDKN2A,1,0.5697,10,True,unknown,OncoKB; CKB-CORE; ClearityFoundationBiomarkers,2.6439
292,CETUXIMAB,CDKN2A,1,0.5697,10,True,unknown,CKB-CORE,2.6439
293,COBIMETINIB,CDKN2A,1,0.5697,10,True,unknown,CKB-CORE,2.6439
294,DABRAFENIB,CDKN2A,1,0.5697,10,True,unknown,CKB-CORE; CIViC,2.6439
295,EVEROLIMUS,CDKN2A,1,0.5697,10,True,unknown,CKB-CORE,2.6439
296,LETROZOLE,CDKN2A,1,0.5697,10,True,unknown,CIViC,2.6439
297,PACLITAXEL,CDKN2A,1,0.5697,10,True,unknown,CKB-CORE,2.6439
298,PALBOCICLIB,CDKN2A,1,0.5697,10,True,unknown,CKB-CORE; OncoKB; PharmGKB; CIViC; ClearityFoundationBiomarkers,2.6439
299,PANITUMUMAB,CDKN2A,1,0.5697,10,True,unknown,CIViC,2.6439
300,RIBOCICLIB,CDKN2A,1,0.5697,10,True,unknown,ClearityFoundationBiomarkers; CKB-CORE; OncoKB,2.6439
301,SAPANISERTIB,CDKN2A,1,0.5697,10,True,unknown,CKB-CORE,2.6439
302,TEMOZOLOMIDE,CDKN2A,1,0.5697,10,True,unknown,CKB-CORE,2.6439
303,TRAMETINIB DIMETHYL SULFOXIDE,CDKN2A,1,0.5697,10,True,unknown,CKB-CORE,2.6439
304,VEMURAFENIB,CDKN2A,1,0.5697,10,True,unknown,CIViC; CKB-CORE,2.6439
305,AZD-1656,GCK,1,0.6206,7,False,activator,ChEMBL,2.572
306,AZD1656,GCK,1,0.6206,7,False,unknown,TTD,2.572
307,BMS-820132,GCK,1,0.6206,7,False,unknown,TTD,2.572
308,DORZAGLIATIN,GCK,1,0.6206,7,False,activator,ChEMBL; TTD,2.572
309,LY-2608204,GCK,1,0.6206,7,False,activator,TTD; ChEMBL,2.572
310,MK-0941,GCK,1,0.6206,7,False,activator,ChEMBL,2.572
311,NERIGLIATIN,GCK,1,0.6206,7,False,activator,ChEMBL,2.572
312,PF-04937319,GCK,1,0.6206,7,False,unknown,TTD,2.572
313,PF-04991532,GCK,1,0.6206,7,False,activator,TTD; ChEMBL,2.572
314,PIRAGLIATIN,GCK,1,0.6206,7,False,unknown,DTC,2.572
315,RO-281675,GCK,1,0.6206,7,False,unknown,DTC,2.572
316,CERITINIB,INSR,1,0.5392,11,True,unknown,DTC,2.5371
317,INSULIN ASPART PROTAMINE RECOMBINANT,INSR,1,0.5392,11,True,agonist,ChEMBL,2.5371
318,"INSULIN ASPART PROTAMINE, HUMAN",INSR,1,0.5392,11,True,agonist,TdgClinicalTrial; ChEMBL,2.5371
319,INSULIN DETEMIR,INSR,1,0.5392,11,True,agonist,TdgClinicalTrial; ChEMBL,2.5371
320,INSULIN GLARGINE,INSR,1,0.5392,11,True,agonist,ChEMBL; TdgClinicalTrial,2.5371
321,"INSULIN GLULISINE, HUMAN",INSR,1,0.5392,11,True,agonist,TdgClinicalTrial; ChEMBL,2.5371
322,INSULIN LISPRO,INSR,1,0.5392,11,True,agonist,ChEMBL,2.5371
323,INSULIN LISPRO PROTAMINE RECOMBINANT,INSR,1,0.5392,11,True,agonist,ChEMBL,2.5371
324,INSULIN PURIFIED BEEF,INSR,1,0.5392,11,True,agonist,ChEMBL,2.5371
325,INSULIN PURIFIED PORK,INSR,1,0.5392,11,True,agonist,ChEMBL,2.5371
326,INSULIN SUSP ISOPHANE BEEF,INSR,1,0.5392,11,True,agonist,ChEMBL,2.5371
327,INSULIN SUSP ISOPHANE BEEF/PORK,INSR,1,0.5392,11,True,agonist,ChEMBL,2.5371
328,INSULIN SUSP ISOPHANE PURIFIED BEEF,INSR,1,0.5392,11,True,agonist,ChEMBL,2.5371
329,INSULIN SUSP ISOPHANE PURIFIED PORK,INSR,1,0.5392,11,True,agonist,ChEMBL,2.5371
330,INSULIN SUSP ISOPHANE SEMISYNTHETIC PURIFIED HUMAN,INSR,1,0.5392,11,True,agonist,ChEMBL,2.5371
331,INSULIN SUSP PROTAMINE ZINC PURIFIED BEEF,INSR,1,0.5392,11,True,agonist,ChEMBL,2.5371
332,INSULIN SUSP PROTAMINE ZINC PURIFIED PORK,INSR,1,0.5392,11,True,agonist,ChEMBL,2.5371
333,INSULIN ZINC SUSP BEEF,INSR,1,0.5392,11,True,agonist,ChEMBL,2.5371
334,INSULIN ZINC SUSP EXTENDED BEEF,INSR,1,0.5392,11,True,agonist,ChEMBL,2.5371
335,INSULIN ZINC SUSP EXTENDED PURIFIED BEEF,INSR,1,0.5392,11,True,agonist,ChEMBL,2.5371
336,INSULIN ZINC SUSP EXTENDED RECOMBINANT HUMAN,INSR,1,0.5392,11,True,agonist,ChEMBL,2.5371
337,INSULIN ZINC SUSP PROMPT BEEF,INSR,1,0.5392,11,True,agonist,ChEMBL,2.5371
338,INSULIN ZINC SUSP PROMPT PURIFIED PORK,INSR,1,0.5392,11,True,agonist,ChEMBL,2.5371
339,INSULIN ZINC SUSP PURIFIED BEEF,INSR,1,0.5392,11,True,agonist,ChEMBL,2.5371
340,INSULIN ZINC SUSP PURIFIED BEEF/PORK,INSR,1,0.5392,11,True,agonist,ChEMBL,2.5371
341,INSULIN ZINC SUSP PURIFIED PORK,INSR,1,0.5392,11,True,agonist,ChEMBL,2.5371
342,INSULIN ZINC SUSP SEMISYNTHETIC PURIFIED HUMAN,INSR,1,0.5392,11,True,agonist,ChEMBL,2.5371
343,"INSULIN ZINC, EXTENDED",INSR,1,0.5392,11,True,agonist,ChEMBL,2.5371
344,"INSULIN ZINC, PROMPT",INSR,1,0.5392,11,True,agonist,ChEMBL,2.5371
345,"INSULIN [INJECTION], BIPHASIC",INSR,1,0.5392,11,True,agonist,ChEMBL,2.5371
346,"INSULIN, ISOPHANE",INSR,1,0.5392,11,True,agonist,ChEMBL,2.5371
347,"INSULIN, PROTAMINE ZINC",INSR,1,0.5392,11,True,agonist,ChEMBL,2.5371
348,"INSULIN, REGULAR, PORK",INSR,1,0.5392,11,True,agonist,ChEMBL,2.5371
349,TOPIRAMATE,INSR,1,0.5392,11,True,unknown,PharmGKB,2.5371
350,FAS LIGAND,FOXO1,1,0.5961,8,False,unknown,NCI,2.4863
351,ALBIGLUTIDE,GLP1R,1,0.5208,12,True,agonist,ChEMBL; TTD; TdgClinicalTrial,2.4728
352,ALBUTEROL SULFATE,GLP1R,1,0.5208,12,True,unknown,DTC,2.4728
353,CLOTRIMAZOLE,GLP1R,1,0.5208,12,True,unknown,DTC,2.4728
354,DESIPRAMINE HYDROCHLORIDE,GLP1R,1,0.5208,12,True,unknown,DTC,2.4728
355,DULAGLUTIDE,GLP1R,1,0.5208,12,True,agonist,TdgClinicalTrial; ChEMBL; TTD,2.4728
356,ETOPOSIDE,GLP1R,1,0.5208,12,True,unknown,DTC,2.4728
357,EXENATIDE,GLP1R,1,0.5208,12,True,agonist,TEND; PharmGKB; ChEMBL; TdgClinicalTrial; TTD,2.4728
358,FENBENDAZOLE,GLP1R,1,0.5208,12,True,unknown,DTC,2.4728
359,INDOPROFEN,GLP1R,1,0.5208,12,True,unknown,DTC,2.4728
360,LIRAGLUTIDE,GLP1R,1,0.5208,12,True,unknown; agonist,TdgClinicalTrial; ChEMBL; TTD; TdgClinicalTrial; TEND; PharmGKB,2.4728
361,LIXISENATIDE,GLP1R,1,0.5208,12,True,agonist,ChEMBL; TTD,2.4728
362,MEPAZINE ACETATE,GLP1R,1,0.5208,12,True,unknown,DTC,2.4728
363,NORTRIPTYLINE HYDROCHLORIDE,GLP1R,1,0.5208,12,True,unknown,DTC,2.4728
364,"PAROXETINE HYDROCHLORIDE, HEMIHYDRATE",GLP1R,1,0.5208,12,True,unknown,DTC,2.4728
365,PRAMLINTIDE,GLP1R,1,0.5208,12,True,unknown,TTD,2.4728
366,PYRITHIONE,GLP1R,1,0.5208,12,True,unknown,DTC,2.4728
367,SEMAGLUTIDE,GLP1R,1,0.5208,12,True,agonist,TTD; ChEMBL,2.4728
368,SITAGLIPTIN,GLP1R,1,0.5208,12,True,unknown,PharmGKB,2.4728
369,TIRZEPATIDE,GLP1R,1,0.5208,12,True,agonist,ChEMBL,2.4728
370,TRICLABENDAZOLE,GLP1R,1,0.5208,12,True,unknown,DTC,2.4728
371,TRIFLUOPERAZINE,GLP1R,1,0.5208,12,True,unknown,DTC,2.4728
372,VILDAGLIPTIN,GLP1R,1,0.5208,12,True,unknown,PharmGKB,2.4728
373,NIROGACESTAT,NOTCH2,1,0.515,13,True,other/unknown,MyCancerGenome,2.4526
374,ODEVIXIBAT,NOTCH2,1,0.515,13,True,unknown,PharmGKB,2.4526
375,ACETOHEXAMIDE,KCNJ11,1,0.5064,14,True,blocker,ChEMBL,2.4225
376,CHLORPROPAMIDE,KCNJ11,1,0.5064,14,True,blocker,ChEMBL,2.4225
377,DIAZOXIDE,KCNJ11,1,0.5064,14,True,potentiator,PharmGKB; ChEMBL,2.4225
378,EPIGALLOCATECHIN GALLATE,KCNJ11,1,0.5064,14,True,unknown,NCI,2.4225
379,FLECAINIDE ACETATE,KCNJ11,1,0.5064,14,True,unknown,NCI,2.4225
380,GLICLAZIDE,KCNJ11,1,0.5064,14,True,blocker,ChEMBL,2.4225
381,GLIPIZIDE,KCNJ11,1,0.5064,14,True,blocker,ChEMBL,2.4225
382,LEVOSIMENDAN,KCNJ11,1,0.5064,14,True,unknown,TdgClinicalTrial,2.4225
383,MINOXIDIL,KCNJ11,1,0.5064,14,True,potentiator,ChEMBL,2.4225
384,MITIGLINIDE,KCNJ11,1,0.5064,14,True,blocker,ChEMBL; TEND,2.4225
385,NATEGLINIDE,KCNJ11,1,0.5064,14,True,blocker,ChEMBL; TEND,2.4225
386,PHENTOLAMINE,KCNJ11,1,0.5064,14,True,unknown,NCI,2.4225
387,PINACIDIL,KCNJ11,1,0.5064,14,True,potentiator,ChEMBL,2.4225
388,STREPTOZOCIN,KCNJ11,1,0.5064,14,True,unknown,NCI,2.4225
389,THIAMYLAL,KCNJ11,1,0.5064,14,True,unknown,TdgClinicalTrial; TEND,2.4225
390,TOLAZAMIDE,KCNJ11,1,0.5064,14,True,blocker,ChEMBL,2.4225
391,TOLBUTAMIDE,KCNJ11,1,0.5064,14,True,blocker,ChEMBL,2.4225
392,"TOLBUTAMIDE SODIUM, STERILE",KCNJ11,1,0.5064,14,True,blocker,ChEMBL,2.4225
393,BIAFINE CREAM,IL6,1,0.5717,9,False,unknown,NCI,2.401
394,BINETRAKIN,IL6,1,0.5717,9,False,unknown,NCI,2.401
395,CHINESE HERBS,IL6,1,0.5717,9,False,unknown,NCI,2.401
396,CLAZAKIZUMAB,IL6,1,0.5717,9,False,antibody; inhibitor; unknown,TdgClinicalTrial; TALC; TTD; ChEMBL; TTD,2.401
397,DIHYDROSPHINGOSINE,IL6,1,0.5717,9,False,unknown,NCI,2.401
398,ELSILIMOMAB,IL6,1,0.5717,9,False,inhibitor,ChEMBL,2.401
399,ENZYME INHIBITOR,IL6,1,0.5717,9,False,unknown,NCI,2.401
400,HMG-COA REDUCTASE INHIBITOR,IL6,1,0.5717,9,False,unknown,NCI,2.401
401,IMIPENEM-CILASTATIN SODIUM,IL6,1,0.5717,9,False,unknown,NCI,2.401
402,MEDI-5117,IL6,1,0.5717,9,False,inhibitor,ChEMBL,2.401
403,MRA 003 US,IL6,1,0.5717,9,False,inhibitor,ChEMBL,2.401
404,OLOKIZUMAB,IL6,1,0.5717,9,False,inhibitor,TTD; ChEMBL; TdgClinicalTrial,2.401
405,SELECTIVE ESTROGEN RECEPTOR MODULATOR,IL6,1,0.5717,9,False,unknown,NCI,2.401
406,SIGNAL TRANSDUCTION INHIBITOR,IL6,1,0.5717,9,False,unknown,NCI,2.401
407,SIRUKUMAB,IL6,1,0.5717,9,False,inhibitor,TTD; ChEMBL,2.401
408,YSIL6,IL6,1,0.5717,9,False,unknown,TTD,2.401
409,ZILTIVEKIMAB,IL6,1,0.5717,9,False,binder; unknown,ChEMBL; TTD,2.401
410,"(10R)-10-METHYL-3-(6-METHYLPYRIDIN-3-YL)-9,10,11,12-TETRAHYDRO-8H-[1,4]DIAZEPINO[5',6':4,5]THIENO[3,2-F]QUINOLIN-8-ONE",CDKN2A,1,0.5697,10,False,unknown,CKB-CORE,2.3939
411,ALVOCIDIB,CDKN2A,1,0.5697,10,False,unknown,CKB-CORE,2.3939
412,BUPARLISIB,CDKN2A,1,0.5697,10,False,unknown,CKB-CORE,2.3939
413,HMN-214,CDKN2A,1,0.5697,10,False,unknown,CKB-CORE,2.3939
414,MILCICLIB,CDKN2A,1,0.5697,10,False,unknown,CKB-CORE,2.3939
415,PF-00477736,CDKN2A,1,0.5697,10,False,unknown,CKB-CORE,2.3939
416,PF-04691502,CDKN2A,1,0.5697,10,False,unknown,CKB-CORE,2.3939
417,POLO-LIKE KINASE 1 INHIBITOR GSK461364,CDKN2A,1,0.5697,10,False,unknown,CKB-CORE,2.3939
418,RONICICLIB,CDKN2A,1,0.5697,10,False,unknown,ClearityFoundationBiomarkers,2.3939
419,ULIXERTINIB,CDKN2A,1,0.5697,10,False,unknown,CKB-CORE,2.3939
420,BROMOCRIPTINE,LEP,1,0.4729,15,True,unknown,NCI,2.3053
421,CARVEDILOL,LEP,1,0.4729,15,True,unknown,NCI,2.3053
422,FELODIPINE,LEP,1,0.4729,15,True,unknown,NCI,2.3053
423,LAMIVUDINE,LEP,1,0.4729,15,True,unknown,NCI,2.3053
424,LOVASTATIN,LEP,1,0.4729,15,True,unknown,NCI,2.3053
425,METHADONE HYDROCHLORIDE,LEP,1,0.4729,15,True,unknown,NCI,2.3053
426,METRELEPTIN,LEP,1,0.4729,15,True,unknown,PharmGKB,2.3053
427,MIRTAZAPINE,LEP,1,0.4729,15,True,unknown,NCI,2.3053
428,NICOTINE POLACRILEX,LEP,1,0.4729,15,True,unknown,NCI,2.3053
429,SOYBEAN SEED OIL,LEP,1,0.4729,15,True,unknown,NCI,2.3053
430,VALPROIC ACID,LEP,1,0.4729,15,True,unknown,NCI,2.3053
431,AEW-541,INSR,1,0.5392,11,False,unknown,TTD,2.2871
432,AGT-182,INSR,1,0.5392,11,False,unknown,TTD,2.2871
433,BMS-754807,INSR,1,0.5392,11,False,inhibitor,ChEMBL,2.2871
434,CENISERTIB,INSR,1,0.5392,11,False,unknown,DTC,2.2871
435,CYC-116,INSR,1,0.5392,11,False,unknown,DTC,2.2871
436,DOVITINIB,INSR,1,0.5392,11,False,unknown,DTC,2.2871
437,GO-6976,INSR,1,0.5392,11,False,unknown,DTC,2.2871
438,GW441756X,INSR,1,0.5392,11,False,unknown,DTC,2.2871
439,HESPERADIN,INSR,1,0.5392,11,False,inhibitor,DTC,2.2871
440,"INSULIN HUMAN, ISOPHANE",INSR,1,0.5392,11,False,agonist,ChEMBL,2.2871
441,INSULIN SENSITIZER S-707106,INSR,1,0.5392,11,False,unknown,TTD,2.2871
442,INSULIN TREGOPIL,INSR,1,0.5392,11,False,agonist,ChEMBL,2.2871
443,"INSULIN, PORCINE",INSR,1,0.5392,11,False,unknown,TTD,2.2871
444,KW-2450,INSR,1,0.5392,11,False,inhibitor,ChEMBL,2.2871
445,LINIFANIB,INSR,1,0.5392,11,False,unknown,DTC,2.2871
446,LINSITINIB,INSR,1,0.5392,11,False,inhibitor,ChEMBL,2.2871
447,METFORMIN GLYCINATE,INSR,1,0.5392,11,False,unknown,TTD,2.2871
448,METHAZOLAMIDE,INSR,1,0.5392,11,False,unknown,TTD,2.2871
449,NVP-TAE684,INSR,1,0.5392,11,False,unknown,DTC,2.2871
450,PF-562271,INSR,1,0.5392,11,False,unknown,DTC,2.2871
451,RECOMBINANT HUMAN KALLIKREIN-1,INSR,1,0.5392,11,False,unknown,TTD,2.2871
452,RG-1530,INSR,1,0.5392,11,False,unknown,DTC,2.2871
453,SP-600125,INSR,1,0.5392,11,False,unknown,DTC,2.2871
454,TAMATINIB,INSR,1,0.5392,11,False,unknown,DTC,2.2871
455,TESOFENSINE,INSR,1,0.5392,11,False,unknown,TTD,2.2871
456,TOZASERTIB,INSR,1,0.5392,11,False,unknown,DTC,2.2871
457,2-METHOXYESTRADIOL,GLP1R,1,0.5208,12,False,unknown,DTC,2.2228
458,6-AZAURIDINE,GLP1R,1,0.5208,12,False,unknown,DTC,2.2228
459,A947,GLP1R,1,0.5208,12,False,unknown,GuideToPharmacology,2.2228
460,AMCINAFIDE,GLP1R,1,0.5208,12,False,unknown,DTC,2.2228
461,ANGUSTIBALIN,GLP1R,1,0.5208,12,False,unknown,DTC,2.2228
462,ASTERRIC ACID,GLP1R,1,0.5208,12,False,unknown,DTC,2.2228
463,AURIN,GLP1R,1,0.5208,12,False,unknown,DTC,2.2228
464,AVEXITIDE,GLP1R,1,0.5208,12,False,inhibitor,ChEMBL,2.2228
465,BENZPIPERYLON,GLP1R,1,0.5208,12,False,unknown,DTC,2.2228
466,CETYLPYRIDINIUM BROMIDE,GLP1R,1,0.5208,12,False,unknown,DTC,2.2228
467,CGP13501,GLP1R,1,0.5208,12,False,unknown,DTC,2.2228
468,CGP7930,GLP1R,1,0.5208,12,False,unknown,DTC,2.2228
469,CHEMBL:CHEMBL1170485,GLP1R,1,0.5208,12,False,unknown,DTC,2.2228
470,CHEMBL:CHEMBL1224483,GLP1R,1,0.5208,12,False,unknown,DTC,2.2228
471,CHEMBL:CHEMBL1270168,GLP1R,1,0.5208,12,False,unknown,DTC,2.2228
472,CHEMBL:CHEMBL127579,GLP1R,1,0.5208,12,False,unknown,DTC,2.2228
473,CHEMBL:CHEMBL1308346,GLP1R,1,0.5208,12,False,unknown,DTC,2.2228
474,CHEMBL:CHEMBL1327172,GLP1R,1,0.5208,12,False,unknown,DTC,2.2228
475,CHEMBL:CHEMBL1337519,GLP1R,1,0.5208,12,False,unknown,DTC,2.2228
476,CHEMBL:CHEMBL1390716,GLP1R,1,0.5208,12,False,unknown,DTC,2.2228
477,CHEMBL:CHEMBL1420370,GLP1R,1,0.5208,12,False,unknown,DTC,2.2228
478,CHEMBL:CHEMBL1422704,GLP1R,1,0.5208,12,False,unknown,DTC,2.2228
479,CHEMBL:CHEMBL1437888,GLP1R,1,0.5208,12,False,unknown,DTC,2.2228
480,CHEMBL:CHEMBL1439833,GLP1R,1,0.5208,12,False,unknown,DTC,2.2228
481,CHEMBL:CHEMBL1466186,GLP1R,1,0.5208,12,False,unknown,DTC,2.2228
482,CHEMBL:CHEMBL1472891,GLP1R,1,0.5208,12,False,unknown,DTC,2.2228
483,CHEMBL:CHEMBL1509103,GLP1R,1,0.5208,12,False,unknown,DTC,2.2228
484,CHEMBL:CHEMBL1520282,GLP1R,1,0.5208,12,False,unknown,DTC,2.2228
485,CHEMBL:CHEMBL1543865,GLP1R,1,0.5208,12,False,unknown,DTC,2.2228
486,CHEMBL:CHEMBL1549738,GLP1R,1,0.5208,12,False,unknown,DTC,2.2228
487,CHEMBL:CHEMBL1569494,GLP1R,1,0.5208,12,False,unknown,DTC,2.2228
488,CHEMBL:CHEMBL259615,GLP1R,1,0.5208,12,False,unknown,DTC,2.2228
489,CHEMBL:CHEMBL259805,GLP1R,1,0.5208,12,False,unknown,DTC,2.2228
490,CHEMBL:CHEMBL260451,GLP1R,1,0.5208,12,False,unknown,DTC,2.2228
491,CHEMBL:CHEMBL261693,GLP1R,1,0.5208,12,False,unknown,DTC,2.2228
492,CHEMBL:CHEMBL317115,GLP1R,1,0.5208,12,False,unknown,DTC,2.2228
493,CHEMBL:CHEMBL405914,GLP1R,1,0.5208,12,False,unknown,DTC,2.2228
494,CHEMBL:CHEMBL482050,GLP1R,1,0.5208,12,False,unknown,DTC,2.2228
495,CHEMBL:CHEMBL493863,GLP1R,1,0.5208,12,False,unknown,DTC,2.2228
496,CHEMBL:CHEMBL524376,GLP1R,1,0.5208,12,False,unknown,DTC,2.2228
497,CHEMBL:CHEMBL528181,GLP1R,1,0.5208,12,False,unknown,DTC,2.2228
498,CHEMBL:CHEMBL528791,GLP1R,1,0.5208,12,False,unknown,DTC,2.2228
499,CHEMBL:CHEMBL530609,GLP1R,1,0.5208,12,False,unknown,DTC,2.2228
500,CHEMBL:CHEMBL532412,GLP1R,1,0.5208,12,False,unknown,DTC,2.2228
501,CHEMBL:CHEMBL532452,GLP1R,1,0.5208,12,False,unknown,DTC,2.2228
502,CHEMBL:CHEMBL533082,GLP1R,1,0.5208,12,False,unknown,DTC,2.2228
503,CHEMBL:CHEMBL533602,GLP1R,1,0.5208,12,False,unknown,DTC,2.2228
504,CHEMBL:CHEMBL548286,GLP1R,1,0.5208,12,False,unknown,DTC,2.2228
505,CHEMBL:CHEMBL576809,GLP1R,1,0.5208,12,False,unknown,DTC,2.2228
506,CHEMBL:CHEMBL578515,GLP1R,1,0.5208,12,False,unknown,DTC,2.2228
507,CHEMBL:CHEMBL578928,GLP1R,1,0.5208,12,False,unknown,DTC,2.2228
508,CHEMBL:CHEMBL579318,GLP1R,1,0.5208,12,False,unknown,DTC,2.2228
509,CHEMBL:CHEMBL579956,GLP1R,1,0.5208,12,False,unknown,DTC,2.2228
510,CHEMBL:CHEMBL580076,GLP1R,1,0.5208,12,False,unknown,DTC,2.2228
511,CHEMBL:CHEMBL580207,GLP1R,1,0.5208,12,False,unknown,DTC,2.2228
512,CHEMBL:CHEMBL580340,GLP1R,1,0.5208,12,False,unknown,DTC,2.2228
513,CHEMBL:CHEMBL580727,GLP1R,1,0.5208,12,False,unknown,DTC,2.2228
514,CHEMBL:CHEMBL581152,GLP1R,1,0.5208,12,False,unknown,DTC,2.2228
515,CHEMBL:CHEMBL581865,GLP1R,1,0.5208,12,False,unknown,DTC,2.2228
516,CHEMBL:CHEMBL581872,GLP1R,1,0.5208,12,False,unknown,DTC,2.2228
517,CHEMBL:CHEMBL582286,GLP1R,1,0.5208,12,False,unknown,DTC,2.2228
518,CHEMBL:CHEMBL584269,GLP1R,1,0.5208,12,False,unknown,DTC,2.2228
519,CHEMBL:CHEMBL584458,GLP1R,1,0.5208,12,False,unknown,DTC,2.2228
520,CHEMBL:CHEMBL585443,GLP1R,1,0.5208,12,False,unknown,DTC,2.2228
521,CHEMBL:CHEMBL585444,GLP1R,1,0.5208,12,False,unknown,DTC,2.2228
522,CHEMBL:CHEMBL586078,GLP1R,1,0.5208,12,False,unknown,DTC,2.2228
523,CHEMBL:CHEMBL586163,GLP1R,1,0.5208,12,False,unknown,DTC,2.2228
524,CHEMBL:CHEMBL587564,GLP1R,1,0.5208,12,False,unknown,DTC,2.2228
525,CHEMBL:CHEMBL588028,GLP1R,1,0.5208,12,False,unknown,DTC,2.2228
526,CHEMBL:CHEMBL588038,GLP1R,1,0.5208,12,False,unknown,DTC,2.2228
527,CHEMBL:CHEMBL588683,GLP1R,1,0.5208,12,False,unknown,DTC,2.2228
528,CHEMBL:CHEMBL589245,GLP1R,1,0.5208,12,False,unknown,DTC,2.2228
529,CHEMBL:CHEMBL589670,GLP1R,1,0.5208,12,False,unknown,DTC,2.2228
530,CHEMBL:CHEMBL589909,GLP1R,1,0.5208,12,False,unknown,DTC,2.2228
531,CHEMBL:CHEMBL590427,GLP1R,1,0.5208,12,False,unknown,DTC,2.2228
532,CHEMBL:CHEMBL590686,GLP1R,1,0.5208,12,False,unknown,DTC,2.2228
533,CHEMBL:CHEMBL590919,GLP1R,1,0.5208,12,False,unknown,DTC,2.2228
534,CHEMBL:CHEMBL591126,GLP1R,1,0.5208,12,False,unknown,DTC,2.2228
535,CHEMBL:CHEMBL591598,GLP1R,1,0.5208,12,False,unknown,DTC,2.2228
536,CHEMBL:CHEMBL591834,GLP1R,1,0.5208,12,False,unknown,DTC,2.2228
537,CHEMBL:CHEMBL592118,GLP1R,1,0.5208,12,False,unknown,DTC,2.2228
538,CHEMBL:CHEMBL597244,GLP1R,1,0.5208,12,False,unknown,DTC,2.2228
539,CHEMBL:CHEMBL597251,GLP1R,1,0.5208,12,False,unknown,DTC,2.2228
540,CHEMBL:CHEMBL599100,GLP1R,1,0.5208,12,False,unknown,DTC,2.2228
541,CHEMBL:CHEMBL600734,GLP1R,1,0.5208,12,False,unknown,DTC,2.2228
542,CHEMBL:CHEMBL601351,GLP1R,1,0.5208,12,False,unknown,DTC,2.2228
543,CHEMBL:CHEMBL601400,GLP1R,1,0.5208,12,False,unknown,DTC,2.2228
544,CHEMBL:CHEMBL602012,GLP1R,1,0.5208,12,False,unknown,DTC,2.2228
545,CHEMBL:CHEMBL602923,GLP1R,1,0.5208,12,False,unknown,DTC,2.2228
546,CHEMBL:CHEMBL603130,GLP1R,1,0.5208,12,False,unknown,DTC,2.2228
547,CHEMBL:CHEMBL603154,GLP1R,1,0.5208,12,False,unknown,DTC,2.2228
548,CHEMBL:CHEMBL604321,GLP1R,1,0.5208,12,False,unknown,DTC,2.2228
549,CHEMBL:CHEMBL604664,GLP1R,1,0.5208,12,False,unknown,DTC,2.2228
550,CHEMBL:CHEMBL605708,GLP1R,1,0.5208,12,False,unknown,DTC,2.2228
551,CHEMBL:CHEMBL606460,GLP1R,1,0.5208,12,False,unknown,DTC,2.2228
552,CHEMBL:CHEMBL607309,GLP1R,1,0.5208,12,False,unknown,DTC,2.2228
553,CHEMBL:CHEMBL86464,GLP1R,1,0.5208,12,False,unknown,DTC,2.2228
554,CLANFENUR,GLP1R,1,0.5208,12,False,unknown,DTC,2.2228
555,CLOXYQUIN,GLP1R,1,0.5208,12,False,unknown,DTC,2.2228
556,COLFORSIN,GLP1R,1,0.5208,12,False,unknown,DTC,2.2228
557,CORONOPILIN,GLP1R,1,0.5208,12,False,unknown,DTC,2.2228
558,COTADUTIDE,GLP1R,1,0.5208,12,False,agonist,ChEMBL,2.2228
559,CYCLOASPEPTIDE A,GLP1R,1,0.5208,12,False,unknown,DTC,2.2228
560,CYCLOHEXIMIDE,GLP1R,1,0.5208,12,False,unknown,DTC,2.2228
561,DANUGLIPRON,GLP1R,1,0.5208,12,False,agonist,ChEMBL,2.2228
562,DIGITOXIGENIN,GLP1R,1,0.5208,12,False,unknown,DTC,2.2228
563,DIHYDROXANTHOHUMOL,GLP1R,1,0.5208,12,False,unknown,DTC,2.2228
564,EFINOPEGDUTIDE,GLP1R,1,0.5208,12,False,agonist,ChEMBL,2.2228
565,EFPEGLENATIDE,GLP1R,1,0.5208,12,False,agonist,TTD; ChEMBL,2.2228
566,ENCLOMIPHENE,GLP1R,1,0.5208,12,False,unknown,DTC,2.2228
567,FENTICLOR,GLP1R,1,0.5208,12,False,unknown,DTC,2.2228
568,FIDUXOSIN HYDROCHLORIDE,GLP1R,1,0.5208,12,False,unknown,DTC,2.2228
569,FRONIGLUTIDE,GLP1R,1,0.5208,12,False,unknown,TdgClinicalTrial; TTD,2.2228
570,GERONTOXANTHONE H,GLP1R,1,0.5208,12,False,unknown,DTC,2.2228
571,GLP-1,GLP1R,1,0.5208,12,False,unknown,TTD,2.2228
572,GNE-064,GLP1R,1,0.5208,12,False,inhibitor,GuideToPharmacology,2.2228
573,HELENALIN,GLP1R,1,0.5208,12,False,unknown,DTC,2.2228
574,LASALOCID A SODIUM,GLP1R,1,0.5208,12,False,unknown,DTC,2.2228
575,MAGNOLOL,GLP1R,1,0.5208,12,False,unknown,DTC,2.2228
576,METAPHIT METHANESULFONATE,GLP1R,1,0.5208,12,False,unknown,DTC,2.2228
577,MITONAFIDE,GLP1R,1,0.5208,12,False,unknown,DTC,2.2228
578,MOFEBUTAZONE,GLP1R,1,0.5208,12,False,unknown,DTC,2.2228
579,OXYCARBOXIN,GLP1R,1,0.5208,12,False,unknown,DTC,2.2228
580,PEGAPAMODUTIDE,GLP1R,1,0.5208,12,False,agonist; unknown,ChEMBL; TTD,2.2228
581,PEGSEBRENATIDE,GLP1R,1,0.5208,12,False,agonist,ChEMBL,2.2228
582,PFI-3,GLP1R,1,0.5208,12,False,inhibitor,GuideToPharmacology,2.2228
583,PINAFIDE,GLP1R,1,0.5208,12,False,unknown,DTC,2.2228
584,PROPIONYLPROMAZINE HYDROCHLORIDE,GLP1R,1,0.5208,12,False,unknown,DTC,2.2228
585,PYRONIN Y,GLP1R,1,0.5208,12,False,unknown,DTC,2.2228
586,PYROXAMINE MALEATE,GLP1R,1,0.5208,12,False,unknown,DTC,2.2228
587,SAR425899,GLP1R,1,0.5208,12,False,unknown,TTD,2.2228
588,SCOULERINE,GLP1R,1,0.5208,12,False,unknown,DTC,2.2228
589,SMD-3040,GLP1R,1,0.5208,12,False,unknown,GuideToPharmacology,2.2228
590,STROPHANTHIDIN,GLP1R,1,0.5208,12,False,unknown,DTC,2.2228
591,TASPOGLUTIDE,GLP1R,1,0.5208,12,False,agonist,TTD; TdgClinicalTrial; ChEMBL,2.2228
592,TH0318,GLP1R,1,0.5208,12,False,unknown,TdgClinicalTrial,2.2228
593,ENOTICUMAB,NOTCH2,1,0.515,13,False,other/unknown,MyCancerGenome,2.2026
594,MK-0752,NOTCH2,1,0.515,13,False,unknown,CGI,2.2026
595,NOTCH SIGNALING PATHWAY INHIBITOR MK0752,NOTCH2,1,0.515,13,False,other/unknown,MyCancerGenome,2.2026
596,RO4929097,NOTCH2,1,0.515,13,False,other/unknown,MyCancerGenome,2.2026
597,TAREXTUMAB,NOTCH2,1,0.515,13,False,inhibitor,CGI; TdgClinicalTrial; TTD; ChEMBL,2.2026
598,BERBERINE CHLORIDE,KCNJ11,1,0.5064,14,False,unknown,DTC,2.1725
599,BERBERRUBINE,KCNJ11,1,0.5064,14,False,unknown,DTC,2.1725
600,GLIQUIDONE,KCNJ11,1,0.5064,14,False,unknown,DTC,2.1725
601,MITIGLINIDE CALCIUM DIHYDRATE,KCNJ11,1,0.5064,14,False,blocker,ChEMBL,2.1725
602,NAMINIDIL,KCNJ11,1,0.5064,14,False,potentiator,ChEMBL,2.1725
603,SARAKALIM,KCNJ11,1,0.5064,14,False,potentiator,ChEMBL,2.1725
604,ANTICOAGULANT AGENT,LEP,1,0.4729,15,False,unknown,NCI,2.0553
605,CALCIUM CHANNEL BLOCKER,LEP,1,0.4729,15,False,unknown,NCI,2.0553
606,ORAL CONTRACEPTIVE,LEP,1,0.4729,15,False,unknown,NCI,2.0553
