gene,drug,approved,interaction_type,interaction_score,sources
TNF,NERELIMOMAB,False,inhibitor,0.5613311672998444,ChEMBL
TNF,CROMOLYN SODIUM,True,unknown,0.5613311672998444,NCI
TNF,PLACULUMAB,False,inhibitor,0.5613311672998444,ChEMBL
TNF,METHYLENE BLUE,False,unknown,0.06237012969998271,DTC
TNF,ALTEPLASE,True,unknown,0.05346011117141375,NCI
TNF,CARBOPLATIN,True,unknown,0.01305421319301963,PharmGKB
TNF,GENTAMICIN,True,unknown,0.04881140585216039,NCI
TNF,GOLIMUMAB,True,inhibitor,2.245324669199378,TTD; TdgClinicalTrial; ChEMBL; TEND
TNF,BUPIVACAINE,True,unknown,0.06603896085880523,NCI
TNF,PENTOXIFYLLINE,True,unknown,0.01603803335142412,TTD
TNF,BENZO[E]PYRENE,False,unknown,0.1871103890999481,DTC
TNF,THALIDOMIDE,True,unknown,0.04551333788917658,TEND; TTD; TdgClinicalTrial
TNF,PYRAZINAMIDE,True,unknown,0.1295379616845794,PharmGKB
TNF,GLIMEPIRIDE,True,unknown,0.1403327918249611,NCI
TNF,OMEPRAZOLE,True,unknown,0.03034222525945105,NCI
TNF,LENERCEPT,False,inhibitor,0.5613311672998444,ChEMBL
TNF,ADALIMUMAB,True,inhibitor,0.06804014149089023,ChEMBL; TTD; TdgClinicalTrial; TEND
TNF,PRAZOSIN HYDROCHLORIDE,True,unknown,0.1122662334599688,NCI
TNF,REMTOLUMAB,False,unknown,0.2806655836499222,TTD
TNF,MIDOSTAURIN,True,unknown,0.03207606670284825,NCI
TNF,LENABASUM,False,unknown,0.1871103890999481,TTD
TNF,MAGNESIUM SULFATE ANHYDROUS,True,unknown,0.2806655836499222,NCI
TNF,PICIBANIL,False,unknown,0.2245324669199377,NCI
TNF,FLUOCINOLONE ACETONIDE,True,unknown,0.2245324669199377,NCI
TNF,MILTEFOSINE,True,unknown,0.1871103890999481,NCI
TNF,HOMIDIUM BROMIDE,False,unknown,0.01935624714827049,DTC
TNF,OZORALIZUMAB,False,inhibitor,1.122662334599689,ChEMBL; TdgClinicalTrial
TNF,PEGSUNERCEPT,False,inhibitor,1.122662334599689,ChEMBL; TTD
TNF,CERTOLIZUMAB PEGOL,True,inhibitor,0.3207606670284825,TdgClinicalTrial; TTD; ChEMBL; TEND
TNF,THERAPEUTIC HORMONE,False,unknown,0.02551505305908383,NCI
TNF,NAFAMOSTAT,False,unknown,0.05103010611816767,TTD
TNF,FOLIC ACID,True,unknown,0.04677759727498704,NCI
TNF,ABBV-257,False,unknown,0.2806655836499222,TTD
TNF,RISPERIDONE,True,unknown,0.02513423137163482,NCI
TNF,COVA322,False,unknown,0.2806655836499222,TTD
TNF,HYDROXYCHLOROQUINE,True,unknown,0.06237012969998271,NCI
TNF,CERTOLIZUMAB,False,unknown,0.5613311672998444,TTD
TNF,AN0128,False,unknown,0.5613311672998444,TTD
TNF,"5,7-DIHYDROXY-4-METHYLCOUMARIN",False,unknown,0.1403327918249611,DTC
TNF,SORAFENIB,True,unknown,0.009762281170432078,PharmGKB
TNF,AFELIMOMAB,False,inhibitor,0.5613311672998444,ChEMBL
TNF,PLACULUMAB,False,unknown,1.122662334599689,TTD; TdgClinicalTrial
TNF,INFLIXIMAB,True,inhibitor,0.07242982803868961,TTD; ChEMBL; TdgClinicalTrial; TEND
TNF,DIDANOSINE,True,unknown,0.08019016675712064,NCI
TNF,ISIS 104838,False,unknown,0.5613311672998444,TdgClinicalTrial
TNF,SOBLIDOTIN,False,unknown,0.06603896085880523,NCI
TNF,SPIRONOLACTONE,True,unknown,0.07016639591248056,NCI
TNF,MEROPENEM ANHYDROUS,True,unknown,1.122662334599689,NCI
TNF,ETHAMBUTOL HYDROCHLORIDE,True,unknown,0.4209983754748833,PharmGKB
TNF,MYCOPHENOLATE MOFETIL,True,unknown,0.07016639591248056,PharmGKB
TNF,MASOPROCOL,True,unknown,0.02388643265105721,NCI
TNF,DERSALAZINE,False,unknown,0.1403327918249611,TdgClinicalTrial
TNF,AVX-470,False,unknown,1.122662334599689,TTD; TdgClinicalTrial
TNF,AME-527,False,unknown,0.5613311672998444,TdgClinicalTrial
TNF,CYCLOSPORINE,True,unknown,0.01290416476551366,PharmGKB
TNF,ONERCEPT,False,inhibitor,0.5613311672998444,ChEMBL
TNF,CYT007-TNFQB,False,unknown,0.5613311672998444,TdgClinicalTrial
TNF,PROPYLTHIOURACIL,True,unknown,0.05613311672998444,NCI
TNF,TIMOLOL MALEATE,True,unknown,0.3742207781998963,NCI
TNF,ABBV-3373,False,binder,0.1871103890999481,ChEMBL
TNF,METHIMAZOLE,True,unknown,0.05346011117141375,NCI
TNF,PF-04236921,False,unknown,0.2806655836499222,TdgClinicalTrial
TNF,LACTULOSE,True,unknown,0.2806655836499222,NCI
TNF,HALOFUGINONE,False,unknown,0.1871103890999481,NCI
TNF,PROTON PUMP INHIBITOR,False,unknown,0.2806655836499222,NCI
TNF,MITOMYCIN C ANALOG KW-2149,False,unknown,1.122662334599689,NCI
TNF,ATORVASTATIN CALCIUM TRIHYDRATE,True,unknown,0.03061806367090061,PharmGKB
TNF,DIGOXIN,True,unknown,0.0165097402147013,DTC
TNF,PROCARBAZINE HYDROCHLORIDE,True,unknown,0.5613311672998444,NCI
TNF,LAPACHONE,False,unknown,0.0431793205615265,NCI
TNF,ORTATAXEL,False,unknown,0.1871103890999481,TTD
TNF,IMMUNOSTIMULANT,False,unknown,1.122662334599689,NCI
TNF,RABEPRAZOLE,True,unknown,0.0431793205615265,NCI
TNF,RIFAMPIN,True,unknown,0.06014262506784048,PharmGKB
TNF,PNEUMOCOCCAL POLYVALENT VACCINE,False,unknown,1.122662334599689,NCI
TNF,CEFOTAXIME SODIUM,True,unknown,0.1122662334599689,NCI
TNF,ETANERCEPT,True,inhibitor,0.086358641123053,ChEMBL; TdgClinicalTrial; TTD; TEND
TNF,AZ9773,False,inhibitor,0.5613311672998444,ChEMBL
TNF,TETRANDRINE,False,unknown,0.3742207781998963,NCI
TNF,REMTOLUMAB,False,inhibitor,0.2806655836499222,ChEMBL
TNF,CELASTROL,False,unknown,0.1122662334599688,TTD
TNF,LENALIDOMIDE,True,inhibitor,0.086358641123053,ClearityFoundationClinicalTrial; TTD
TNF,HUANG LIAN,False,unknown,1.122662334599689,NCI
TNF,ANESTHETIC AGENT,False,unknown,0.1122662334599688,NCI
TNF,STAVUDINE,True,unknown,0.086358641123053,PharmGKB
TNF,CARBAMAZEPINE,True,unknown,0.04582295243264036,PharmGKB; NCI
TNF,AMPHOTERICIN B LIPOSOMAL,True,unknown,0.0431793205615265,DTC
TNF,"INSULIN, REGULAR, HUMAN",True,unknown,0.03177346229999119,NCI
TNF,BACILLUS CALMETTE-GUERIN ANTIGEN,False,unknown,0.09355519454997407,NCI
TNF,RUTIN,True,unknown,0.1122662334599688,NCI
TNF,VITAMIN B6,True,unknown,0.1871103890999481,NCI
TNF,MIDAZOLAM HYDROCHLORIDE,True,unknown,0.03118506484999135,NCI
TNF,GEMCITABINE,True,unknown,0.01220285146304009,PharmGKB
CDKN2A,RIBOCICLIB,True,unknown,0.5178948269730707,ClearityFoundationBiomarkers; CKB-CORE; OncoKB
CDKN2A,PACLITAXEL,True,unknown,0.03389857049278282,CKB-CORE
CDKN2A,ULIXERTINIB,False,unknown,0.3728842754206109,CKB-CORE
CDKN2A,ALVOCIDIB,False,unknown,0.1775639406764813,CKB-CORE
CDKN2A,PF-04691502,False,unknown,0.3107368961838424,CKB-CORE
CDKN2A,ILORASERTIB,False,unknown,0.0160725980784746,CGI
CDKN2A,VEMURAFENIB,True,unknown,0.2015590677949248,CIViC; CKB-CORE
CDKN2A,RONICICLIB,False,unknown,0.06658647775368053,ClearityFoundationBiomarkers
CDKN2A,CETUXIMAB,True,unknown,0.1007795338974624,CKB-CORE
CDKN2A,SAPANISERTIB,True,unknown,0.1621235980089612,CKB-CORE
CDKN2A,TEMOZOLOMIDE,True,unknown,0.1775639406764813,CKB-CORE
CDKN2A,PF-00477736,False,unknown,0.9322106885515273,CKB-CORE
CDKN2A,HMN-214,False,unknown,1.864421377103054,CKB-CORE
CDKN2A,MILCICLIB,False,unknown,0.3389857049278281,CKB-CORE
CDKN2A,POLO-LIKE KINASE 1 INHIBITOR GSK461364,False,unknown,1.864421377103054,CKB-CORE
CDKN2A,COBIMETINIB,True,unknown,0.1962548818003215,CKB-CORE
CDKN2A,GEMCITABINE,True,unknown,0.04053089950224032,CKB-CORE
CDKN2A,PANITUMUMAB,True,unknown,0.09322106885515273,CIViC
CDKN2A,BUPARLISIB,False,unknown,0.1491537101682443,CKB-CORE
CDKN2A,"(10R)-10-METHYL-3-(6-METHYLPYRIDIN-3-YL)-9,10,11,12-TETRAHYDRO-8H-[1,4]DIAZEPINO[5',6':4,5]THIENO[3,2-F]QUINOLIN-8-ONE",False,unknown,1.242947584735369,CKB-CORE
CDKN2A,SIROLIMUS,True,unknown,0.06429039231389842,CKB-CORE
CDKN2A,CARBOPLATIN,True,unknown,0.04335863667681523,CKB-CORE
CDKN2A,PALBOCICLIB,True,unknown,1.02360389331148,CKB-CORE; OncoKB; PharmGKB; CIViC; ClearityFoundationBiomarkers
CDKN2A,EVEROLIMUS,True,unknown,0.1096718457119443,CKB-CORE
CDKN2A,LETROZOLE,True,unknown,0.1035789653946141,CIViC
CDKN2A,TRAMETINIB DIMETHYL SULFOXIDE,True,unknown,0.27767977956854,CKB-CORE
CDKN2A,DABRAFENIB,True,unknown,0.2762105743856377,CKB-CORE; CIViC
CDKN2A,ABEMACICLIB,True,unknown,0.7850195272012861,OncoKB; CKB-CORE; ClearityFoundationBiomarkers
INSR,TESOFENSINE,False,unknown,0.1838161921087518,TTD
INSR,INSULIN SUSP ISOPHANE SEMISYNTHETIC PURIFIED HUMAN,True,agonist,0.7352647684350074,ChEMBL
INSR,GO-6976,False,unknown,0.01709918066127924,DTC
INSR,"INSULIN ZINC, PROMPT",True,agonist,0.7352647684350074,ChEMBL
INSR,INSULIN PURIFIED PORK,True,agonist,0.7352647684350074,ChEMBL
INSR,INSULIN ZINC SUSP EXTENDED PURIFIED BEEF,True,agonist,0.7352647684350074,ChEMBL
INSR,"INSULIN ZINC, EXTENDED",True,agonist,0.7352647684350074,ChEMBL
INSR,INSULIN ZINC SUSP EXTENDED BEEF,True,agonist,0.7352647684350074,ChEMBL
INSR,INSULIN ZINC SUSP BEEF,True,agonist,0.7352647684350074,ChEMBL
INSR,INSULIN SENSITIZER S-707106,False,unknown,0.7352647684350074,TTD
INSR,SP-600125,False,unknown,0.008261401892528174,DTC
INSR,CYCLOPHOSPHAMIDE ANHYDROUS,True,unknown,0.01815468564037055,PharmGKB
INSR,INSULIN DETEMIR,True,agonist,1.470529536870014,TdgClinicalTrial; ChEMBL
INSR,INSULIN DEGLUDEC,True,agonist,0.3676323842175037,ChEMBL
INSR,AEW-541,False,unknown,0.3676323842175037,TTD
INSR,ILORASERTIB,False,unknown,0.006338489383060408,DTC
INSR,NVP-TAE684,False,unknown,0.007138492897427256,DTC
INSR,INSULIN ASPART PROTAMINE RECOMBINANT,True,agonist,0.7352647684350074,ChEMBL
INSR,INSULIN SUSP PROTAMINE ZINC PURIFIED BEEF,True,agonist,0.7352647684350074,ChEMBL
INSR,"INSULIN, PROTAMINE ZINC",True,agonist,0.7352647684350074,ChEMBL
INSR,INSULIN TREGOPIL,False,agonist,0.7352647684350074,ChEMBL
INSR,"INSULIN, REGULAR, HUMAN",True,agonist,0.04161876047745325,ChEMBL; TdgClinicalTrial; TEND
INSR,PF-562271,False,unknown,0.006808007115138958,DTC
INSR,INSULIN SUSP PROTAMINE ZINC PURIFIED PORK,True,agonist,0.7352647684350074,ChEMBL
INSR,RECOMBINANT HUMAN KALLIKREIN-1,False,unknown,0.7352647684350074,TTD
INSR,LINIFANIB,False,unknown,0.009190809605437592,DTC
INSR,"INSULIN [INJECTION], BIPHASIC",True,agonist,0.7352647684350074,ChEMBL
INSR,"INSULIN HUMAN, ISOPHANE",False,agonist,0.7352647684350074,ChEMBL
INSR,INSULIN SUSP ISOPHANE PURIFIED PORK,True,agonist,0.7352647684350074,ChEMBL
INSR,INSULIN ZINC SUSP PURIFIED PORK,True,agonist,0.7352647684350074,ChEMBL
INSR,RG-1530,False,unknown,0.007821965621649015,DTC
INSR,EPIRUBICIN,True,unknown,0.04084804269083374,PharmGKB
INSR,"INSULIN ASPART PROTAMINE, HUMAN",True,agonist,1.470529536870014,TdgClinicalTrial; ChEMBL
INSR,TOZASERTIB,False,unknown,0.01007212011554804,DTC
INSR,TOPIRAMATE,True,unknown,0.03342112583795489,PharmGKB
INSR,LINSITINIB,False,inhibitor,0.1050378240621439,ChEMBL
INSR,INSULIN LISPRO,True,agonist,0.7352647684350074,ChEMBL
INSR,INSULIN LISPRO PROTAMINE RECOMBINANT,True,agonist,0.7352647684350074,ChEMBL
INSR,INSULIN SUSP ISOPHANE BEEF/PORK,True,agonist,0.7352647684350074,ChEMBL
INSR,MITOGLITAZONE,False,unknown,0.2450882561450025,TTD
INSR,CENISERTIB,False,unknown,0.006231057359618707,DTC
INSR,INSULIN PURIFIED BEEF,True,agonist,0.7352647684350074,ChEMBL
INSR,DOVITINIB,False,unknown,0.007279849192425816,DTC
INSR,INSULIN SUSP ISOPHANE BEEF,True,agonist,0.7352647684350074,ChEMBL
INSR,"INSULIN, REGULAR, PORK",True,agonist,0.7352647684350074,ChEMBL
INSR,INSULIN PEGLISPRO,False,agonist,0.7352647684350074,ChEMBL
INSR,AGT-182,False,unknown,0.7352647684350074,TTD
INSR,INSULIN GLARGINE,True,agonist,1.470529536870014,ChEMBL; TdgClinicalTrial
INSR,INSULIN ZINC SUSP PURIFIED BEEF/PORK,True,agonist,0.7352647684350074,ChEMBL
INSR,INSULIN SUSP ISOPHANE PURIFIED BEEF,True,agonist,0.7352647684350074,ChEMBL
INSR,INSULIN SUSP PROTAMINE ZINC BEEF/PORK,True,agonist,0.3676323842175037,ChEMBL
INSR,INSULIN ZINC SUSP RECOMBINANT HUMAN,True,agonist,0.3676323842175037,ChEMBL
INSR,INSULIN ZINC SUSP PROMPT BEEF,True,agonist,0.7352647684350074,ChEMBL
INSR,BMS-754807,False,inhibitor,0.08169608538166749,ChEMBL
INSR,INSULIN ZINC SUSP PROMPT PURIFIED PORK,True,agonist,0.7352647684350074,ChEMBL
INSR,METFORMIN GLYCINATE,False,unknown,1.470529536870014,TTD
INSR,KW-2450,False,inhibitor,0.3676323842175037,ChEMBL
INSR,"INSULIN, PORCINE",False,unknown,0.7352647684350074,TTD
INSR,INSULIN ZINC SUSP PURIFIED BEEF,True,agonist,0.7352647684350074,ChEMBL
INSR,FLUOROURACIL,True,unknown,0.01267697876612081,PharmGKB
INSR,INSULIN SUSP ISOPHANE RECOMBINANT HUMAN,True,agonist,0.3676323842175037,ChEMBL
INSR,"INSULIN, ISOPHANE",True,agonist,0.7352647684350074,ChEMBL
INSR,TAMATINIB,False,unknown,0.009077342820185278,DTC
INSR,GW441756X,False,unknown,0.01131176566823088,DTC
INSR,INSULIN ZINC SUSP SEMISYNTHETIC PURIFIED HUMAN,True,agonist,0.7352647684350074,ChEMBL
INSR,CYC-116,False,unknown,0.007580049159123788,DTC
INSR,"INSULIN GLULISINE, HUMAN",True,agonist,1.470529536870014,TdgClinicalTrial; ChEMBL
INSR,METHAZOLAMIDE,False,unknown,0.7352647684350074,TTD
INSR,CERITINIB,True,unknown,0.08650173746294205,DTC
INSR,HESPERADIN,False,inhibitor,0.01838161921087518,DTC
INSR,INSULIN ZINC SUSP EXTENDED RECOMBINANT HUMAN,True,agonist,0.7352647684350074,ChEMBL
GLP1R,CHEMBL:CHEMBL607309,False,unknown,0.03494230157890597,DTC
GLP1R,CHEMBL:CHEMBL585444,False,unknown,0.1572403571050769,DTC
GLP1R,CHEMBL:CHEMBL1327172,False,unknown,0.03494230157890597,DTC
GLP1R,CHEMBL:CHEMBL1224483,False,unknown,0.1572403571050769,DTC
GLP1R,CGP13501,False,unknown,0.1048269047367179,DTC
GLP1R,CHEMBL:CHEMBL580340,False,unknown,0.05241345236835897,DTC
GLP1R,EFPEGLENATIDE,False,agonist,0.6289614284203076,TTD; ChEMBL
GLP1R,LIRAGLUTIDE,False,unknown,0.3144807142101538,TdgClinicalTrial
GLP1R,DULOXETINE HYDROCHLORIDE,True,unknown,0.01209541208500591,DTC
GLP1R,CHEMBL:CHEMBL597251,False,unknown,0.1572403571050769,DTC
GLP1R,ANGUSTIBALIN,False,unknown,0.02858915583728671,DTC
GLP1R,DULAGLUTIDE,True,agonist,0.4717210713152306,TdgClinicalTrial; ChEMBL; TTD
GLP1R,EXENATIDE,True,agonist,0.6289614284203076,TEND; PharmGKB; ChEMBL; TdgClinicalTrial; TTD
GLP1R,MOFEBUTAZONE,False,unknown,0.1572403571050769,DTC
GLP1R,CHEMBL:CHEMBL532412,False,unknown,0.1572403571050769,DTC
GLP1R,NORTRIPTYLINE HYDROCHLORIDE,True,unknown,0.05241345236835897,DTC
GLP1R,CHEMBL:CHEMBL533602,False,unknown,0.02620672618417948,DTC
GLP1R,PEGSEBRENATIDE,False,agonist,0.3144807142101538,ChEMBL
GLP1R,OLANZAPINE,True,unknown,0.008275808268688258,PharmGKB
GLP1R,CHEMBL:CHEMBL317115,False,unknown,0.07862017855253844,DTC
GLP1R,CHEMBL:CHEMBL1549738,False,unknown,0.06289614284203075,DTC
GLP1R,CYCLOASPEPTIDE A,False,unknown,0.1048269047367179,DTC
GLP1R,SCOULERINE,False,unknown,0.05241345236835897,DTC
GLP1R,KEPONE,False,unknown,0.02620672618417948,DTC
GLP1R,PEGAPAMODUTIDE,False,agonist,0.3144807142101538,ChEMBL
GLP1R,CHEMBL:CHEMBL603154,False,unknown,0.1048269047367179,DTC
GLP1R,ETOPOSIDE,True,unknown,0.005422081279485409,DTC
GLP1R,CHEMBL:CHEMBL405914,False,unknown,0.06289614284203075,DTC
GLP1R,CHEMBL:CHEMBL1308346,False,unknown,0.1572403571050769,DTC
GLP1R,FIDUXOSIN HYDROCHLORIDE,False,unknown,0.05241345236835897,DTC
GLP1R,CLOZAPINE,True,unknown,0.006484138437322758,PharmGKB
GLP1R,CHEMBL:CHEMBL578515,False,unknown,0.1572403571050769,DTC
GLP1R,CHEMBL:CHEMBL1439833,False,unknown,0.07862017855253844,DTC
GLP1R,CHEMBL:CHEMBL601351,False,unknown,0.07862017855253844,DTC
GLP1R,CHEMBL:CHEMBL580727,False,unknown,0.03931008927626922,DTC
GLP1R,AMORFRUTIN A,False,unknown,0.07862017855253844,DTC
GLP1R,PROPIONYLPROMAZINE HYDROCHLORIDE,False,unknown,0.07862017855253844,DTC
GLP1R,CHEMBL:CHEMBL588038,False,unknown,0.03144807142101537,DTC
GLP1R,CHEMBL:CHEMBL1420370,False,unknown,0.04492581631573626,DTC
GLP1R,CHEMBL:CHEMBL580207,False,unknown,0.3144807142101538,DTC
GLP1R,CLOTRIMAZOLE,True,unknown,0.008499478762436589,DTC
GLP1R,CHEMBL:CHEMBL587564,False,unknown,0.1048269047367179,DTC
GLP1R,CHEMBL:CHEMBL259615,False,unknown,0.03494230157890597,DTC
GLP1R,CHEMBL:CHEMBL530609,False,unknown,0.06289614284203075,DTC
GLP1R,HELENALIN,False,unknown,0.01965504463813461,DTC
GLP1R,DESIPRAMINE HYDROCHLORIDE,True,unknown,0.1048269047367179,DTC
GLP1R,CHEMBL:CHEMBL591598,False,unknown,0.07862017855253844,DTC
GLP1R,CHEMBL:CHEMBL582286,False,unknown,0.1572403571050769,DTC
GLP1R,DANUGLIPRON,False,agonist,0.3144807142101538,ChEMBL
GLP1R,PFI-3,False,inhibitor,0.1572403571050769,GuideToPharmacology
GLP1R,CHEMBL:CHEMBL585443,False,unknown,0.1572403571050769,DTC
GLP1R,CHEMBL:CHEMBL259805,False,unknown,0.07862017855253844,DTC
GLP1R,CHEMBL:CHEMBL86464,False,unknown,0.02620672618417948,DTC
GLP1R,CHEMBL:CHEMBL1422704,False,unknown,0.3144807142101538,DTC
GLP1R,CHEMBL:CHEMBL599100,False,unknown,0.06289614284203075,DTC
GLP1R,CHEMBL:CHEMBL601400,False,unknown,0.1572403571050769,DTC
GLP1R,CHEMBL:CHEMBL578928,False,unknown,0.07862017855253844,DTC
GLP1R,LIXISENATIDE,True,agonist,0.3144807142101538,ChEMBL; TTD
GLP1R,CHEMBL:CHEMBL604321,False,unknown,0.03494230157890597,DTC
GLP1R,CHEMBL:CHEMBL589245,False,unknown,0.06289614284203075,DTC
GLP1R,PRAMLINTIDE,True,unknown,0.04492581631573626,TTD
GLP1R,A947,False,unknown,0.1572403571050769,GuideToPharmacology
GLP1R,TASPOGLUTIDE,False,agonist,0.4717210713152306,TTD; TdgClinicalTrial; ChEMBL
GLP1R,CHEMBL:CHEMBL482050,False,unknown,0.02620672618417948,DTC
GLP1R,CHEMBL:CHEMBL602923,False,unknown,0.07862017855253844,DTC
GLP1R,FENBENDAZOLE,True,unknown,0.07862017855253844,DTC
GLP1R,CHEMBL:CHEMBL597244,False,unknown,0.3144807142101538,DTC
GLP1R,CHEMBL:CHEMBL1390716,False,unknown,0.05241345236835897,DTC
GLP1R,CHEMBL:CHEMBL1569494,False,unknown,0.06289614284203075,DTC
GLP1R,CHEMBL:CHEMBL581872,False,unknown,0.04492581631573626,DTC
GLP1R,ALBUTEROL SULFATE,True,unknown,0.02419082417001183,DTC
GLP1R,OXYCARBOXIN,False,unknown,0.07862017855253844,DTC
GLP1R,LIRAGLUTIDE,True,agonist,0.9434421426304613,ChEMBL; TTD; TdgClinicalTrial; TEND; PharmGKB
GLP1R,CLANFENUR,False,unknown,0.1572403571050769,DTC
GLP1R,TRIFLUOPERAZINE,True,unknown,0.01048269047367179,DTC
GLP1R,COTADUTIDE,False,agonist,0.1572403571050769,ChEMBL
GLP1R,CHEMBL:CHEMBL1543865,False,unknown,0.05241345236835897,DTC
GLP1R,CHEMBL:CHEMBL127579,False,unknown,0.07862017855253844,DTC
GLP1R,CHEMBL:CHEMBL524376,False,unknown,0.1048269047367179,DTC
GLP1R,6-AZAURIDINE,False,unknown,0.06289614284203075,DTC
GLP1R,CORONOPILIN,False,unknown,0.07862017855253844,DTC
GLP1R,LASALOCID A SODIUM,False,unknown,0.03494230157890597,DTC
GLP1R,CHEMBL:CHEMBL602012,False,unknown,0.3144807142101538,DTC
GLP1R,AMCINAFIDE,False,unknown,0.1048269047367179,DTC
GLP1R,CHEMBL:CHEMBL588683,False,unknown,0.07862017855253844,DTC
GLP1R,SITAGLIPTIN,True,unknown,0.1886884285260922,PharmGKB
GLP1R,CHEMBL:CHEMBL604664,False,unknown,0.07862017855253844,DTC
GLP1R,CHEMBL:CHEMBL603130,False,unknown,0.3144807142101538,DTC
GLP1R,CHEMBL:CHEMBL592118,False,unknown,0.3144807142101538,DTC
GLP1R,FENTICLOR,False,unknown,0.01655161653737651,DTC
GLP1R,CHEMBL:CHEMBL581152,False,unknown,0.05241345236835897,DTC
GLP1R,CHEMBL:CHEMBL600734,False,unknown,0.02858915583728671,DTC
GLP1R,CYCLOHEXIMIDE,False,unknown,0.003310323307475302,DTC
GLP1R,SMD-3040,False,unknown,0.1048269047367179,GuideToPharmacology
GLP1R,CHEMBL:CHEMBL590427,False,unknown,0.1572403571050769,DTC
GLP1R,CETYLPYRIDINIUM BROMIDE,False,unknown,0.02419082417001183,DTC
GLP1R,STROPHANTHIDIN,False,unknown,0.05241345236835897,DTC
GLP1R,CHEMBL:CHEMBL576809,False,unknown,0.3144807142101538,DTC
GLP1R,CHEMBL:CHEMBL590919,False,unknown,0.1048269047367179,DTC
GLP1R,CHEMBL:CHEMBL606460,False,unknown,0.1572403571050769,DTC
GLP1R,ASTERRIC ACID,False,unknown,0.01747115078945298,DTC
GLP1R,MITONAFIDE,False,unknown,0.03931008927626922,DTC
GLP1R,CHEMBL:CHEMBL260451,False,unknown,0.06289614284203075,DTC
GLP1R,CHEMBL:CHEMBL579956,False,unknown,0.1572403571050769,DTC
GLP1R,CHEMBL:CHEMBL1337519,False,unknown,0.3144807142101538,DTC
GLP1R,2-METHOXYESTRADIOL,False,unknown,0.03144807142101537,DTC
GLP1R,PEGAPAMODUTIDE,False,unknown,0.1572403571050769,TTD
GLP1R,FRONIGLUTIDE,False,unknown,0.3144807142101538,TdgClinicalTrial; TTD
GLP1R,TH0318,False,unknown,0.3144807142101538,TdgClinicalTrial
GLP1R,CHEMBL:CHEMBL579318,False,unknown,0.03144807142101537,DTC
GLP1R,MAGNOLOL,False,unknown,0.1572403571050769,DTC
GLP1R,CHEMBL:CHEMBL548286,False,unknown,0.3144807142101538,DTC
GLP1R,AURIN,False,unknown,0.02858915583728671,DTC
GLP1R,DIHYDROXANTHOHUMOL,False,unknown,0.04492581631573626,DTC
GLP1R,ENCLOMIPHENE,False,unknown,0.06289614284203075,DTC
GLP1R,TRICLABENDAZOLE,True,unknown,0.05241345236835897,DTC
GLP1R,CHEMBL:CHEMBL581865,False,unknown,0.3144807142101538,DTC
GLP1R,CHEMBL:CHEMBL586078,False,unknown,0.1572403571050769,DTC
GLP1R,PYROXAMINE MALEATE,False,unknown,0.3144807142101538,DTC
GLP1R,CGP7930,False,unknown,0.04492581631573626,DTC
GLP1R,CHEMBL:CHEMBL528181,False,unknown,0.04492581631573626,DTC
GLP1R,CHEMBL:CHEMBL1520282,False,unknown,0.1572403571050769,DTC
GLP1R,CHEMBL:CHEMBL586163,False,unknown,0.1048269047367179,DTC
GLP1R,INDOPROFEN,True,unknown,0.02620672618417948,DTC
GLP1R,PINAFIDE,False,unknown,0.02620672618417948,DTC
GLP1R,HOMIDIUM BROMIDE,False,unknown,0.01084416255897081,DTC
GLP1R,CHEMBL:CHEMBL1170485,False,unknown,0.05241345236835897,DTC
GLP1R,CHEMBL:CHEMBL1437888,False,unknown,0.06289614284203075,DTC
GLP1R,SAR425899,False,unknown,0.1048269047367179,TTD
GLP1R,CHEMBL:CHEMBL533082,False,unknown,0.05241345236835897,DTC
GLP1R,CHEMBL:CHEMBL528791,False,unknown,0.06289614284203075,DTC
GLP1R,COLFORSIN,False,unknown,0.03931008927626922,DTC
GLP1R,CHEMBL:CHEMBL532452,False,unknown,0.1048269047367179,DTC
GLP1R,CHEMBL:CHEMBL1270168,False,unknown,0.1572403571050769,DTC
GLP1R,CHEMBL:CHEMBL591834,False,unknown,0.04492581631573626,DTC
GLP1R,CHEMBL:CHEMBL588028,False,unknown,0.1572403571050769,DTC
GLP1R,TIRZEPATIDE,True,agonist,0.07862017855253844,ChEMBL
GLP1R,ALBIGLUTIDE,True,agonist,0.9434421426304613,ChEMBL; TTD; TdgClinicalTrial
GLP1R,MEPAZINE ACETATE,True,unknown,0.1048269047367179,DTC
GLP1R,"PAROXETINE HYDROCHLORIDE, HEMIHYDRATE",True,unknown,0.01257922856840615,DTC
GLP1R,VILDAGLIPTIN,True,unknown,0.1347774489472087,PharmGKB
GLP1R,CHEMBL:CHEMBL1509103,False,unknown,0.06289614284203075,DTC
GLP1R,CHEMBL:CHEMBL605708,False,unknown,0.3144807142101538,DTC
GLP1R,DIGITOXIGENIN,False,unknown,0.07862017855253844,DTC
GLP1R,CLOXYQUIN,False,unknown,0.03144807142101537,DTC
GLP1R,CHEMBL:CHEMBL1472891,False,unknown,0.3144807142101538,DTC
GLP1R,CHEMBL:CHEMBL580076,False,unknown,0.05241345236835897,DTC
GLP1R,GERONTOXANTHONE H,False,unknown,0.05241345236835897,DTC
GLP1R,GLP-1,False,unknown,0.3144807142101538,TTD
GLP1R,GNE-064,False,inhibitor,0.1048269047367179,GuideToPharmacology
GLP1R,BENZPIPERYLON,False,unknown,0.1572403571050769,DTC
GLP1R,CHEMBL:CHEMBL1466186,False,unknown,0.03931008927626922,DTC
GLP1R,CHEMBL:CHEMBL584458,False,unknown,0.02246290815786813,DTC
GLP1R,METAPHIT METHANESULFONATE,False,unknown,0.07862017855253844,DTC
GLP1R,SEMAGLUTIDE,True,agonist,0.3144807142101538,TTD; ChEMBL
GLP1R,AVEXITIDE,False,inhibitor,0.1572403571050769,ChEMBL
GLP1R,CHEMBL:CHEMBL584269,False,unknown,0.06289614284203075,DTC
GLP1R,CHEMBL:CHEMBL589670,False,unknown,0.1572403571050769,DTC
GLP1R,PYRONIN Y,False,unknown,0.01747115078945298,DTC
GLP1R,CHEMBL:CHEMBL493863,False,unknown,0.01965504463813461,DTC
GLP1R,CHEMBL:CHEMBL589909,False,unknown,0.3144807142101538,DTC
GLP1R,CHEMBL:CHEMBL261693,False,unknown,0.06289614284203075,DTC
GLP1R,CHEMBL:CHEMBL591126,False,unknown,0.02858915583728671,DTC
GLP1R,CHEMBL:CHEMBL590686,False,unknown,0.1572403571050769,DTC
GLP1R,PYRITHIONE,True,unknown,0.02858915583728671,DTC
GLP1R,EFINOPEGDUTIDE,False,agonist,0.1048269047367179,ChEMBL
IL6,CISPLATIN,True,unknown,0.007247507782713527,CIViC
IL6,ZILTIVEKIMAB,False,binder,1.065383644058888,ChEMBL
IL6,CHINESE HERBS,False,unknown,0.5326918220294442,NCI
IL6,PF-04236921,False,inhibitor,1.065383644058888,TTD; ChEMBL
IL6,MRA 003 US,False,inhibitor,1.065383644058888,ChEMBL
IL6,SIGNAL TRANSDUCTION INHIBITOR,False,unknown,0.5326918220294442,NCI
IL6,BINETRAKIN,False,unknown,0.4261534576235554,NCI
IL6,IBUDILAST,True,unknown,0.06658647775368053,TTD
IL6,"INSULIN, REGULAR, HUMAN",True,unknown,0.0402031563795807,NCI
IL6,SILTUXIMAB,True,inhibitor,2.130767288117777,ChEMBL; TTD
IL6,METRONIDAZOLE,True,unknown,0.5326918220294442,NCI
IL6,CLAZAKIZUMAB,False,antibody; inhibitor,4.261534576235554,TdgClinicalTrial; TALC; TTD; ChEMBL
IL6,GALLIUM NITRATE,True,unknown,0.3043953268739681,NCI
IL6,INTERFERON ALFA-2B,True,unknown,0.152197663436984,NCI
IL6,DULOXETINE HYDROCHLORIDE,True,unknown,0.08195258800452988,PharmGKB
IL6,MEDI-5117,False,inhibitor,1.065383644058888,ChEMBL
IL6,GEMFIBROZIL,True,unknown,0.1639051760090597,NCI
IL6,BIAFINE CREAM,False,unknown,2.130767288117777,NCI
IL6,ETANERCEPT,True,unknown,0.08195258800452988,PharmGKB
IL6,ELSILIMOMAB,False,inhibitor,1.065383644058888,ChEMBL
IL6,SAQUINAVIR,True,unknown,0.2367519209019752,NCI
IL6,INFLIXIMAB,True,unknown,0.06873442864896054,PharmGKB
IL6,LINEZOLID,True,unknown,0.2367519209019752,NCI
IL6,IFOSFAMIDE,True,unknown,0.152197663436984,NCI
IL6,OLOKIZUMAB,False,inhibitor,4.261534576235554,TTD; ChEMBL; TdgClinicalTrial
IL6,HMG-COA REDUCTASE INHIBITOR,False,unknown,0.5326918220294442,NCI
IL6,MIDOSTAURIN,True,unknown,0.06087906537479363,NCI
IL6,SELENIUM,True,unknown,0.1253392522422221,NCI
IL6,SIRUKUMAB,False,inhibitor,1.065383644058888,TTD; ChEMBL
IL6,PEGINTERFERON ALFA-2B,True,unknown,0.0998797166305208,PharmGKB
IL6,ECHINACEA PREPARATION,True,unknown,0.5326918220294442,NCI
IL6,ENZYME INHIBITOR,False,unknown,0.1775639406764814,NCI
IL6,FENOFIBRATE MICRONIZED,True,unknown,0.08195258800452988,PharmGKB
IL6,VITAMIN K,True,unknown,0.2367519209019752,NCI
IL6,PEGINTERFERON ALFA-2A,True,unknown,0.1102121011095401,PharmGKB
IL6,RIBAVIRIN,True,unknown,0.08410923505728067,PharmGKB
IL6,VITAMIN A PALMITATE,True,unknown,0.7102557627059256,NCI
IL6,ARSENIC TRIOXIDE,True,unknown,0.08195258800452988,NCI
IL6,DIHYDROSPHINGOSINE,False,unknown,0.3551278813529628,NCI
IL6,LEVOFLOXACIN ANHYDROUS,True,unknown,0.3551278813529628,NCI
IL6,YSIL6,False,unknown,1.065383644058888,TTD
IL6,NELFINAVIR,True,unknown,0.3551278813529628,NCI
IL6,RITUXIMAB,True,unknown,0.0591879802254938,PharmGKB
IL6,CLAZAKIZUMAB,False,unknown,1.065383644058888,TTD
IL6,SELECTIVE ESTROGEN RECEPTOR MODULATOR,False,unknown,0.3551278813529628,NCI
IL6,IMIPENEM-CILASTATIN SODIUM,False,unknown,2.130767288117777,NCI
IL6,FENTANYL CITRATE,True,unknown,0.07102557627059257,NCI
IL6,ZILTIVEKIMAB,False,unknown,0.5326918220294442,TTD
IL6,ADALIMUMAB,True,unknown,0.06456870570053869,PharmGKB
LEP,SOYBEAN SEED OIL,True,unknown,0.8700633093147588,NCI
LEP,METHIMAZOLE,True,unknown,0.2071579307892282,NCI
LEP,CYCLOSPORINE,True,unknown,0.05000363846636545,PharmGKB
LEP,NICOTINE POLACRILEX,True,unknown,0.09457209883856076,NCI
LEP,CARVEDILOL,True,unknown,0.1673198671759151,NCI
LEP,ORAL CONTRACEPTIVE,False,unknown,0.3954833224157995,NCI
LEP,ANHYDROUS TACROLIMUS,True,unknown,0.1553684480919212,PharmGKB
LEP,LOVASTATIN,True,unknown,0.1115465781172767,NCI
LEP,GEMFIBROZIL,True,unknown,0.5019596015277455,NCI
LEP,CALCIUM CHANNEL BLOCKER,False,unknown,0.483368505174866,NCI
LEP,CLOZAPINE,True,unknown,0.04484862419148241,NCI
LEP,METHADONE HYDROCHLORIDE,True,unknown,0.1279504866639351,NCI
LEP,ESTRADIOL VALERATE,True,unknown,0.0925599265228467,NCI
LEP,RISPERIDONE,True,unknown,0.06493009771005663,NCI
LEP,PROPYLTHIOURACIL,True,unknown,0.2175158273286897,NCI
LEP,LAMIVUDINE,True,unknown,0.1812631894405747,NCI
LEP,METRELEPTIN,True,unknown,0.4350316546573794,PharmGKB
LEP,BROMOCRIPTINE,True,unknown,0.1403327918249611,NCI
LEP,FOLIC ACID,True,unknown,0.1812631894405747,NCI
LEP,VALPROIC ACID,True,unknown,0.07632134292234727,NCI
LEP,ANTICOAGULANT AGENT,False,unknown,1.450105515524598,NCI
LEP,FELODIPINE,True,unknown,0.2559009733278702,NCI
LEP,MIRTAZAPINE,True,unknown,0.2175158273286897,NCI
LEP,TROGLITAZONE,True,unknown,0.1673198671759151,NCI
KCNJ11,"TOLBUTAMIDE SODIUM, STERILE",True,blocker,0.9000654923945781,ChEMBL
KCNJ11,NAMINIDIL,False,potentiator,0.450032746197289,ChEMBL
KCNJ11,ANHYDROUS TACROLIMUS,True,unknown,0.1285807846277968,PharmGKB
KCNJ11,BERBERRUBINE,False,unknown,0.9000654923945781,DTC
KCNJ11,TOLBUTAMIDE,True,blocker,0.2250163730986445,ChEMBL
KCNJ11,ACETOHEXAMIDE,True,blocker,0.6000436615963854,ChEMBL
KCNJ11,GLYBURIDE,True,blocker,0.1862204467023265,ChEMBL; TdgClinicalTrial; TEND
KCNJ11,GLIMEPIRIDE,True,blocker,1.125081865493222,TdgClinicalTrial; TEND; ChEMBL; NCI
KCNJ11,DIAZOXIDE,True,potentiator,0.6923580710727525,PharmGKB; ChEMBL
KCNJ11,PINACIDIL,True,potentiator,0.450032746197289,ChEMBL
KCNJ11,GLIPIZIDE,True,blocker,0.2571615692555937,ChEMBL
KCNJ11,NATEGLINIDE,True,blocker,0.4000291077309236,ChEMBL; TEND
KCNJ11,MITIGLINIDE,True,blocker,1.200087323192771,ChEMBL; TEND
KCNJ11,REPAGLINIDE,True,blocker,0.5143231385111875,PharmGKB; ChEMBL; TEND
KCNJ11,GLICLAZIDE,True,blocker,0.3600261969578312,ChEMBL
KCNJ11,LEVOSIMENDAN,True,unknown,0.2571615692555937,TdgClinicalTrial
KCNJ11,MITIGLINIDE CALCIUM DIHYDRATE,False,blocker,0.9000654923945781,ChEMBL
KCNJ11,CHLORPROPAMIDE,True,blocker,0.1636482713444687,ChEMBL
KCNJ11,PHENTOLAMINE,True,unknown,0.2400174646385541,NCI
KCNJ11,BERBERINE CHLORIDE,False,unknown,0.450032746197289,DTC
KCNJ11,THIAMYLAL,True,unknown,0.9000654923945781,TdgClinicalTrial; TEND
KCNJ11,MINOXIDIL,True,potentiator,0.1500109153990963,ChEMBL
KCNJ11,TOLAZAMIDE,True,blocker,0.2571615692555937,ChEMBL
KCNJ11,METFORMIN,True,unknown,0.08781126755069055,PharmGKB
KCNJ11,SARAKALIM,False,potentiator,0.450032746197289,ChEMBL
KCNJ11,FLECAINIDE ACETATE,True,unknown,0.3600261969578312,NCI
KCNJ11,GLIQUIDONE,False,unknown,0.5143231385111875,DTC
KCNJ11,EPIGALLOCATECHIN GALLATE,True,unknown,0.2117801158575477,NCI
KCNJ11,STREPTOZOCIN,True,unknown,0.07826656455605027,NCI
SIRT1,CHEMBL:CHEMBL375563,False,unknown,0.7200523939156624,DTC
SIRT1,ALTISSIMACOUMARIN D,False,unknown,3.600261969578312,DTC
SIRT1,GINSENOSIDE RG3,False,unknown,0.9000654923945781,DTC
SIRT1,EX-527,False,inhibitor,1.800130984789156,ChEMBL
SIRT1,ALTISSIMACOUMARIN C,False,unknown,3.600261969578312,DTC
SIRT1,CHEMBL:CHEMBL200762,False,unknown,3.600261969578312,DTC
SIRT1,SIRTINOL,False,unknown,3.600261969578312,DTC
SIRT1,CHEMBL:CHEMBL254156,False,unknown,3.600261969578312,DTC
SIRT1,SRT-2104,False,activator,1.800130984789156,ChEMBL
SIRT1,ALTISSIMACOUMARIN F,False,unknown,3.600261969578312,DTC
SIRT1,CHEMBL:CHEMBL1436543,False,unknown,1.800130984789156,DTC
SIRT1,GINSENOSIDE RH1,False,unknown,3.600261969578312,DTC
SIRT1,SRT-1720,False,unknown,2.700196477183734,DTC
SIRT1,CHEMBL:CHEMBL372375,False,unknown,3.600261969578312,DTC
SIRT1,NIACINAMIDE,True,unknown,1.200087323192771,DTC
SIRT1,LAPACHONE,False,unknown,0.9000654923945781,TTD
SIRT1,CHEMBL:CHEMBL255683,False,unknown,3.600261969578312,DTC
SIRT1,RESVERATROL,True,unknown,0.1469494681460535,DTC
SIRT1,SALERMIDE,False,unknown,0.9000654923945781,DTC
SIRT1,PANOBINOSTAT,True,inhibitor,0.05625409327466113,TALC
SIRT1,SRT2104,False,unknown,0.9000654923945781,TTD
SIRT1,PSAMMAPLIN A,False,unknown,0.2769432284291009,DTC
SIRT1,SELISISTAT,False,unknown,0.9000654923945781,TdgClinicalTrial
SIRT1,SURAMIN,False,unknown,0.09474373604153453,DTC
SIRT1,ALTISSIMACOUMARIN E,False,unknown,3.600261969578312,DTC
SIRT1,CHEMBL:CHEMBL1945130,False,unknown,1.800130984789156,DTC
SIRT1,GISENOSIDE RK1,False,unknown,3.600261969578312,DTC
SIRT1,CAMBINOL,False,unknown,0.3000218307981927,TTD
SIRT1,CHEMBL:CHEMBL403308,False,unknown,3.600261969578312,DTC
PPARG,METHOXYCHLOR,False,unknown,0.08352607769421684,DTC
PPARG,CHEMBL:CHEMBL2208197,False,unknown,0.8352607769421685,DTC
PPARG,PROPYLPYRAZOLETRIOL,False,unknown,0.03480253237259035,DTC
PPARG,LANIFIBRANOR,False,agonist,0.0696050647451807,ChEMBL
PPARG,PROPYLPARABEN,True,unknown,0.08352607769421684,DTC
PPARG,ABIETIC ACID,False,unknown,0.2784202589807228,DTC
PPARG,KEPONE,False,unknown,0.03480253237259035,DTC
PPARG,SPIRONOLACTONE,True,unknown,0.02610189927944276,DTC
PPARG,FLUOXASTROBIN,False,unknown,0.104407597117771,DTC
PPARG,ROSIGLITAZONE MALEATE,True,agonist,0.1392101294903614,ChEMBL
PPARG,CHEMBL:CHEMBL2178583,False,unknown,0.8352607769421685,DTC
PPARG,NAVEGLITAZAR,False,agonist,0.4176303884710842,ChEMBL; TdgClinicalTrial
PPARG,CELECOXIB,True,unknown,0.01246657876033087,PharmGKB
PPARG,SHINPTEROCARPIN,False,unknown,0.8352607769421685,DTC
PPARG,PSAMMAPLIN A,False,unknown,0.06425082899555143,DTC
PPARG,TECNAZENE,False,unknown,0.4176303884710842,DTC
PPARG,MYCOPHENOLATE,True,unknown,0.03796639895191675,DTC
PPARG,CHEMBL:CHEMBL1833984,False,unknown,0.8352607769421685,DTC
PPARG,IMIGLITAZAR,False,agonist,0.1392101294903614,ChEMBL
PPARG,ROSIGLITAZONE,True,unknown,0.2847479921393756,DTC; TEND; TdgClinicalTrial
PPARG,CLX-0921,False,agonist,0.8352607769421685,TdgClinicalTrial; ChEMBL
PPARG,AVE0847,False,agonist,0.2088151942355421,ChEMBL
PPARG,CHLORFENAPYR,False,unknown,0.104407597117771,DTC
PPARG,PIOGLITAZONE HYDROCHLORIDE,True,agonist,0.1965319475158043,DTC; ChEMBL; TEND; TdgClinicalTrial
PPARG,PROCHLORAZ,False,unknown,0.1392101294903614,DTC
PPARG,MESALAMINE,True,agonist,0.03796639895191675,TdgClinicalTrial; ChEMBL
PPARG,BEZAFIBRATE,True,agonist,0.104407597117771,ChEMBL
PPARG,CHEMBL:CHEMBL312032,False,unknown,0.03796639895191675,DTC
PPARG,ISOSILYBIN A,False,unknown,0.2784202589807228,DTC
PPARG,AMORFRUTIN A,False,unknown,0.2088151942355421,DTC
PPARG,NALED,False,unknown,0.104407597117771,DTC
PPARG,TROGLITAZONE,True,agonist,0.09637624349332714,DTC; ChEMBL
PPARG,PROSTAGLANDIN D2,False,unknown,0.2784202589807228,DTC
PPARG,INT131,False,modulator,0.4176303884710842,ChEMBL
PPARG,EFATUTAZONE HYDROCHLORIDE,False,agonist,0.4176303884710842,ChEMBL
PPARG,FLUORODIFEN,False,unknown,0.1392101294903614,DTC
PPARG,FLUDIOXONIL,False,unknown,0.1392101294903614,DTC
PPARG,ESTRADIOL VALERATE,True,unknown,0.008885752946193282,DTC
PPARG,CHEMBL:CHEMBL166112,False,unknown,0.2088151942355421,DTC
PPARG,BENSULIDE,False,unknown,0.2088151942355421,DTC
PPARG,ECHINATIN,False,unknown,0.8352607769421685,DTC
PPARG,OMS405,False,agonist,0.4176303884710842,ChEMBL
PPARG,BENZBROMARONE,True,unknown,0.02610189927944276,DTC
PPARG,CHEMBL:CHEMBL2057864,False,unknown,0.8352607769421685,DTC
PPARG,DICLOFENAC SODIUM,True,unknown,0.02456649343947554,PharmGKB
PPARG,SEIMATOPOLIDE A,False,unknown,0.8352607769421685,DTC
PPARG,ENOXOLONE,False,unknown,0.08352607769421684,DTC
PPARG,GENTIAN VIOLET CATION,True,unknown,0.02198054676163601,DTC
PPARG,RALOXIFENE HYDROCHLORIDE,True,unknown,0.008352607769421684,DTC
PPARG,DIMETHENAMID,False,unknown,0.1392101294903614,DTC
PPARG,METHYLENE BLUE ANHYDROUS,True,unknown,0.01128730779651579,DTC
PPARG,CHEMBL:CHEMBL184450,False,unknown,0.02983074203364887,DTC
PPARG,SHINFLAVANONE,False,unknown,0.8352607769421685,DTC
PPARG,APIGENIN,True,unknown,0.01606270724888785,DTC
PPARG,SAROGLITAZAR,False,agonist,0.2088151942355421,ChEMBL
PPARG,GLABRONE,False,unknown,0.8352607769421685,DTC
PPARG,SULFASALAZINE,True,unknown,0.01740126618629517,TdgClinicalTrial
PPARG,CHEMBL:CHEMBL1834951,False,unknown,0.8352607769421685,DTC
PPARG,MURAGLITAZAR,False,agonist,0.1392101294903614,ChEMBL; TdgClinicalTrial
PPARG,MK-0767,False,agonist,0.2088151942355421,ChEMBL
PPARG,AMG-131,False,unknown,0.4176303884710842,TdgClinicalTrial
PPARG,ALEGLITAZAR,False,agonist,0.4176303884710842,TdgClinicalTrial; ChEMBL
PPARG,GW1929,False,unknown,0.09280675299357427,DTC
PPARG,CHEMBL:CHEMBL599165,False,unknown,0.8352607769421685,DTC
PPARG,PHENOTHIAZINE,False,unknown,0.02610189927944276,DTC
PPARG,OCHRATOXIN A,False,unknown,0.04640337649678713,DTC
PPARG,DB959,False,agonist,0.2088151942355421,ChEMBL
PPARG,BALSALAZIDE DISODIUM,True,agonist,0.104407597117771,ChEMBL
PPARG,ELATOSIDE D,False,unknown,0.8352607769421685,DTC
PPARG,ASPIRIN,True,unknown,0.009384952549912005,PharmGKB
PPARG,LEVOTHYROXINE,True,unknown,0.02610189927944276,DTC
PPARG,PHENAMIPHOS,False,unknown,0.2088151942355421,DTC
PPARG,OLSALAZINE SODIUM,True,agonist,0.104407597117771,ChEMBL
PPARG,GANCAONIN L,False,unknown,0.8352607769421685,DTC
PPARG,TREPROSTINIL,True,unknown,0.09280675299357427,TEND; TdgClinicalTrial
PPARG,BARDOXOLONE METHYL,False,inhibitor,0.05220379855888553,ChEMBL
PPARG,LERIGLITAZONE,False,agonist,0.4176303884710842,ChEMBL
PPARG,MITOGLITAZONE,False,unknown,0.1392101294903614,TdgClinicalTrial
PPARG,METHOTREXATE,True,unknown,0.003796639895191675,DTC
PPARG,TETRADECYLTHIOACETIC ACID,False,unknown,0.104407597117771,DTC
PPARG,GLABROL,False,unknown,0.4176303884710842,DTC
PPARG,MK-0533,False,modulator,0.4176303884710842,ChEMBL
PPARG,EFATUTAZONE,False,agonist,0.4176303884710842,TALC
PPARG,GLYBURIDE,True,unknown,0.02880209575662649,DTC
PPARG,KANZONOL X,False,unknown,0.8352607769421685,DTC
PPARG,SODELGLITAZAR,False,agonist,0.1392101294903614,ChEMBL
PPARG,ALDICARB,False,unknown,0.1392101294903614,DTC
PPARG,CHEMBL:CHEMBL2178586,False,unknown,0.8352607769421685,DTC
PPARG,2-PHENYLPHENOL,False,unknown,0.08352607769421684,DTC
PPARG,METFORMIN,True,unknown,0.0203722140717602,PharmGKB
PPARG,LICOFLAVANONE A,False,unknown,0.8352607769421685,DTC
PPARG,CHEMBL:CHEMBL202243,False,unknown,0.8352607769421685,DTC
PPARG,CIGLITAZONE,False,unknown,0.238645936269191,DTC
PPARG,FARGLITAZAR,False,agonist,0.104407597117771,ChEMBL
PPARG,ROTENONE,False,unknown,0.02983074203364887,DTC
PPARG,PATULIN,False,unknown,0.04640337649678713,DTC
PPARG,CHEMBL:CHEMBL2178596,False,unknown,0.8352607769421685,DTC
PPARG,GW501516,False,unknown,0.3132227913533131,TdgClinicalTrial; DTC
PPARG,ATX08-001,False,modulator,0.4176303884710842,ChEMBL
PPARG,NETOGLITAZONE,False,modulator,0.2088151942355421,ChEMBL
PPARG,PHENOLPHTHALEIN,True,unknown,0.05220379855888553,DTC
PPARG,EFATUTAZONE DIHYDROCHLORIDE,False,unknown,0.4176303884710842,TdgClinicalTrial
PPARG,IPRODIONE,False,unknown,0.4176303884710842,DTC
PPARG,"9,10-PHENANTHRENEQUINONE",False,unknown,0.01606270724888785,DTC
PPARG,HESPERETIN,True,unknown,0.09280675299357427,DTC
PPARG,BALAGLITAZONE,False,agonist,0.4176303884710842,ChEMBL
PPARG,DICHLOROPHEN,False,unknown,0.02320168824839356,DTC
PPARG,RIVOGLITAZONE,False,agonist,0.4176303884710842,ChEMBL
PPARG,INDEGLITAZAR,False,agonist,0.1392101294903614,ChEMBL
PPARG,ETALOCIB,False,agonist,0.1392101294903614,ChEMBL
PPARG,TESAGLITAZAR,False,agonist,0.2088151942355421,ChEMBL
PPARG,METAGLIDASEN,False,unknown,0.4176303884710842,TdgClinicalTrial
PPARG,FENOFIBRIC ACID,True,unknown,0.3132227913533131,DTC
PPARG,BALSALAZIDE,True,unknown,0.104407597117771,TdgClinicalTrial
PPARG,CHEMBL:CHEMBL2208195,False,unknown,0.8352607769421685,DTC
PPARG,CHEMBL:CHEMBL2208196,False,unknown,0.8352607769421685,DTC
PPARG,GW7647,False,unknown,0.02784202589807228,DTC
PPARG,JB991,False,unknown,0.4176303884710842,TdgClinicalTrial
PPARG,TRIFLOXYSTROBIN,False,unknown,0.1392101294903614,DTC
PPARG,KANZONOL W,False,unknown,0.8352607769421685,DTC
PPARG,E319,False,unknown,0.03796639895191675,DTC
PPARG,ARHALOFENATE,False,modulator,0.2088151942355421,ChEMBL
PPARG,CHIGLITAZAR,False,agonist,0.08352607769421684,ChEMBL
PPARG,OLANZAPINE,True,unknown,0.010990273380818,PharmGKB
PPARG,MBX-2044,False,modulator,0.8352607769421685,TdgClinicalTrial; ChEMBL
INS,INSULIN ZINC SUSP RECOMBINANT HUMAN,True,unknown,4.350316546573794,TTD
INS,INSULIN SUSP ISOPHANE RECOMBINANT HUMAN,True,unknown,4.350316546573794,TTD
INS,INSULIN SUSP PROTAMINE ZINC BEEF/PORK,True,unknown,4.350316546573794,TTD
INS,INULIN,True,unknown,8.700633093147589,TTD
INS,INSULIN PEGLISPRO,False,unknown,8.700633093147589,TTD
INS,INSULIN DEGLUDEC,True,unknown,4.350316546573794,TTD
FOXO1,FAS LIGAND,False,unknown,2.175158273286897,NCI
FOXO1,FLUOROURACIL,True,unknown,0.2250163730986445,PharmGKB
FOXO1,CYCLOPHOSPHAMIDE ANHYDROUS,True,unknown,0.3222456701165774,PharmGKB
FOXO1,EPIRUBICIN,True,unknown,0.725052757762299,PharmGKB
TCF7L2,CYCLOSPORINE,True,unknown,0.4800349292771083,PharmGKB
TCF7L2,METFORMIN,True,unknown,0.5093053517940052,PharmGKB
TCF7L2,SIROLIMUS,True,unknown,0.7200523939156624,PharmGKB
TCF7L2,REPAGLINIDE,True,unknown,1.491537101682444,PharmGKB
TCF7L2,HYDROCHLOROTHIAZIDE,True,unknown,0.4539460744250916,PharmGKB
NOTCH2,TAREXTUMAB,False,inhibitor,14.91537101682443,CGI; TdgClinicalTrial; TTD; ChEMBL
NOTCH2,NOTCH SIGNALING PATHWAY INHIBITOR MK0752,False,other/unknown,0.7457685508412218,MyCancerGenome
NOTCH2,MK-0752,False,unknown,1.491537101682443,CGI
NOTCH2,NIROGACESTAT,True,other/unknown,0.5326918220294442,MyCancerGenome
NOTCH2,ODEVIXIBAT,True,unknown,1.242947584735369,PharmGKB
NOTCH2,ENOTICUMAB,False,other/unknown,1.491537101682443,MyCancerGenome
NOTCH2,RO4929097,False,other/unknown,1.491537101682443,MyCancerGenome
IRS1,AGANIRSEN,False,unknown,6.525474819860691,TdgClinicalTrial
IRS1,CYCLOPHOSPHAMIDE ANHYDROUS,True,unknown,0.1611228350582887,PharmGKB
IRS1,FLUOROURACIL,True,unknown,0.1125081865493222,PharmGKB
IRS1,DEHYDRATED ALCOHOL,True,unknown,0.1652018941736883,NCI
IRS1,PRASTERONE,True,unknown,0.725052757762299,NCI
IRS1,EPIRUBICIN,True,unknown,0.3625263788811495,PharmGKB
IRS1,INOSITOL,True,unknown,0.8700633093147588,NCI
IRS1,GLIMEPIRIDE,True,unknown,1.631368704965172,NCI
GCK,PHENINDIONE,True,inhibitor,1.087579136643448,GuideToPharmacology
GCK,PF-04991532,False,activator,6.525474819860691,TTD; ChEMBL
GCK,LY-2608204,False,activator,6.525474819860691,TTD; ChEMBL
GCK,PHENPROCOUMON,True,inhibitor,0.5437895683217243,GuideToPharmacology
GCK,MK-0941,False,activator,3.262737409930345,ChEMBL
GCK,BMS-820132,False,unknown,1.631368704965172,TTD
GCK,PIRAGLIATIN,False,unknown,6.525474819860691,DTC
GCK,WARFARIN,True,inhibitor,0.09887083060394987,GuideToPharmacology
GCK,NERIGLIATIN,False,activator,3.262737409930345,ChEMBL
GCK,PF-04937319,False,unknown,3.262737409930345,TTD
GCK,AZD-1656,False,activator,3.262737409930345,ChEMBL
GCK,ALITRETINOIN,True,inhibitor,0.1553684480919212,GuideToPharmacology
GCK,AZD1656,False,unknown,1.631368704965172,TTD
GCK,DORZAGLIATIN,False,activator,3.262737409930345,ChEMBL; TTD
GCK,RO-281675,False,unknown,3.262737409930345,DTC
GCK,DICUMAROL,True,inhibitor,0.4078421762412932,GuideToPharmacology
